trade_id,signal_id,mode,signal_cluster_id,cluster_status,market,symbol,status,direction,decision,signal_type,source_run_at,model_score,confidence_pct,timeframe,model_profile,watch_threshold,trade_ready_threshold,entry_time,entry_price,stop_loss,initial_stop_loss,initial_risk_distance,take_profit_1,quantity,lot_size,notional_usd,risk_pct,risk_amount_usd,risk_distance,entry_source,last_checked_at,last_market_source,reason,trade_thesis,correlation_group,active_same_thesis_count,recent_sl_same_thesis_4h,entry_delay_minutes,entry_price_drift_pct,trading_session,market_regime,volatility_bucket,replay_verified,replay_timeframe,ambiguous_intrabar,evaluation_included,highest_favorable_price,lowest_adverse_price,max_favorable_r,max_adverse_r,breakeven_activated,partial_close_done,remaining_quantity_pct,realized_partial_pct,partial_close_count,trailing_stop_active,schema_version,exit_time,exit_price,exit_reason,exit_source,gross_return_pct,cost_pct,net_return_pct,win,hold_minutes,label_quality,is_trainable
227bd631eedb2723115f,09081e6cc70306295f22,,,,forex,GBPAUD,PAPER_CLOSED,SHORT,BEARISH_TRADE_READY,TRADE_READY,2026-05-13 13:40:16,-7.5,93.75,30m,nan,4.7,7.4,2026-05-13T06:41:33.513594+00:00,1.87014,1.87206,1.87206,0.00192,1.86778,26041.66666666,0.2604,48701.5625,0.005,50.0,0.00192,signal_next_cycle,2026-05-13T08:30:00+00:00,latest_candle_close,"30m strongest: BEARISH score=-7.5 | below_ema200,ema_bear_stack,rsi_bearish_balanced,htf_bearish,adx_trade_bonus",SYMBOL_SPECIFIC,SYMBOL_SPECIFIC,0,0,1.29,0.0,ASIA,UNKNOWN,NORMAL,False,nan,False,True,,,,,,,,,,,2.0.0,2026-05-13T08:30:00+00:00,1.86778,TP1,candle_path,0.1262,0.04,0.0862,True,108,HIGH,true
b6b2f71a9bfa2a18d6a7,588949706a4ffe3ffdca,,,,forex,GBPAUD,PAPER_CLOSED,SHORT,BEARISH_TRADE_READY,TRADE_READY,2026-05-13 17:01:55,-7.5,93.75,30m,high_vol_gbp_cross,4.7,7.4,2026-05-13T10:02:15.245903+00:00,1.86589,1.86794,1.86794,0.00205,1.86337,24390.24390244,0.2439,45509.5122,0.005,50.0,0.00205,signal_next_cycle,2026-05-13T10:02:16.668913+00:00,latest_log_fallback,"30m strongest: BEARISH score=-7.5 | below_ema200,ema_bear_stack,macd_momentum_down,htf_bearish,adx_trade_bonus",SYMBOL_SPECIFIC,SYMBOL_SPECIFIC,1,4,0.34,0.0,LONDON,UNKNOWN,NORMAL,True,M1,False,True,,,,,,,,,,,2.0.0,2026-05-13T10:03:00+00:00,1.86794,SL,historical_replay,-0.1099,0.04,-0.1499,False,0,HIGH,true
202c695aaa2ff0675ce1,f1f2c1c81bfedc4ecdb9,,,,forex,AUDCHF,PAPER_CLOSED,LONG,BULLISH_TRADE_READY,TRADE_READY,2026-05-13 14:04:23,7.32,91.48,30m,nan,4.5,7.0,2026-05-13T07:05:14.935001+00:00,0.56517,0.56393,0.56393,0.00124,0.5666,40322.58064516,0.4032,22789.1129,0.005,50.0,0.00124,signal_next_cycle,2026-05-13T10:00:00+00:00,latest_candle_close,"30m strongest: BULLISH score=8.0 | above_ema200,ema_bull_stack,macd_momentum_up,rsi_bullish_balanced,htf_bullish",SYMBOL_SPECIFIC,SYMBOL_SPECIFIC,1,0,0.87,0.0,LONDON,UNKNOWN,NORMAL,False,nan,False,True,,,,,,,,,,,2.0.0,2026-05-13T10:00:00+00:00,0.5666,TP1,candle_path,0.253,0.04,0.213,True,174,HIGH,true
57a45ae18188a3881a28,5c31b399214e359ae5b9,,,,forex,GBPAUD,PAPER_CLOSED,SHORT,BEARISH_TRADE_READY,TRADE_READY,2026-05-13 17:06:45,-7.5,93.75,30m,high_vol_gbp_cross,4.7,7.4,2026-05-13T10:07:07.151947+00:00,1.86591,1.86801,1.86801,0.0021,1.86333,23809.52380952,0.2381,44426.4286,0.005,50.0,0.0021,signal_next_cycle,2026-05-13T10:07:09.132873+00:00,latest_log_fallback,"30m strongest: BEARISH score=-7.5 | below_ema200,ema_bear_stack,macd_momentum_down,htf_bearish,adx_trade_bonus",SYMBOL_SPECIFIC,SYMBOL_SPECIFIC,1,1,0.37,0.0,LONDON,UNKNOWN,NORMAL,True,M1,False,True,,,,,,,,,,,2.0.0,2026-05-13T10:08:00+00:00,1.86801,SL,historical_replay,-0.1125,0.04,-0.1525,False,0,HIGH,true
e18186d5866b8e89ba79,40d14682665243b5f18b,,,,forex,GBPAUD,PAPER_CLOSED,SHORT,BEARISH_TRADE_READY,TRADE_READY,2026-05-13 17:11:44,-7.5,93.75,30m,high_vol_gbp_cross,4.7,7.4,2026-05-13T10:12:07.167461+00:00,1.86516,1.8673,1.8673,0.00214,1.86254,23364.48598131,0.2336,43578.5047,0.005,50.0,0.00214,signal_next_cycle,2026-05-13T10:12:08.168842+00:00,latest_log_fallback,"30m strongest: BEARISH score=-7.5 | below_ema200,ema_bear_stack,macd_momentum_down,htf_bearish,adx_trade_bonus",SYMBOL_SPECIFIC,SYMBOL_SPECIFIC,0,2,0.39,0.0,LONDON,UNKNOWN,NORMAL,True,M1,False,True,,,,,,,,,,,2.0.0,2026-05-13T10:13:00+00:00,1.8673,SL,historical_replay,-0.1147,0.04,-0.1547,False,0,HIGH,true
516be7cdf8bda5e3c32a,d69bdbe6443e334051ab,,,,forex,qGBPAUD,PAPER_CLOSED,SHORT,BEARISH_TRADE_READY,TRADE_READY,2026-05-13 17:20:07,-7.5,93.75,30m,high_vol_gbp_cross,4.7,7.4,2026-05-13T10:20:34.278465+00:00,1.86448,1.86681,1.86681,0.00233,1.86163,21459.22746781,0.2146,40010.3004,0.005,50.0,0.00233,signal_next_cycle,2026-05-13T10:20:35.046311+00:00,latest_log_fallback,"30m strongest: BEARISH score=-7.5 | below_ema200,ema_bear_stack,macd_momentum_down,htf_bearish,adx_trade_bonus",SYMBOL_SPECIFIC,SYMBOL_SPECIFIC,0,3,0.45,0.0,LONDON,UNKNOWN,NORMAL,True,M1,False,True,,,,,,,,,,,2.0.0,2026-05-13T10:21:00+00:00,1.86681,SL,historical_replay,-0.125,0.04,-0.165,False,0,HIGH,true
9d05eb624545ed58ead7,363c483d01b01b5a12ed,,,,forex,GBPAUD,PAPER_CLOSED,SHORT,BEARISH_TRADE_READY,TRADE_READY,2026-05-13 17:28:18,-7.5,93.75,30m,high_vol_gbp_cross,4.7,7.4,2026-05-13T10:28:49.260628+00:00,1.86484,1.86717,1.86717,0.00233,1.86199,21459.22746781,0.2146,40018.0258,0.005,50.0,0.00233,signal_next_cycle,2026-05-13T10:28:50.269955+00:00,latest_log_fallback,"30m strongest: BEARISH score=-7.5 | below_ema200,ema_bear_stack,macd_momentum_down,htf_bearish,adx_trade_bonus",SYMBOL_SPECIFIC,SYMBOL_SPECIFIC,0,4,0.52,0.0,LONDON,UNKNOWN,NORMAL,True,M1,False,True,,,,,,,,,,,2.0.0,2026-05-13T10:29:00+00:00,1.86717,SL,historical_replay,-0.1249,0.04,-0.1649,False,0,HIGH,true
7ee5f7b2ee3c2b5ffec4,e612ef85b61dfd24f54a,,,,forex,AUDCAD,PAPER_CLOSED,LONG,BULLISH_TRADE_READY,TRADE_READY,2026-05-13 21:33:02,7.0,87.5,30m,commodity_cross_range,4.5,7.0,2026-05-13T14:33:30.196374+00:00,0.99365,0.99171,0.99171,0.00194,0.99588,25773.19587629,0.2577,25609.5361,0.005,50.0,0.00194,signal_next_cycle,2026-05-13T15:28:18.144726+00:00,latest_candle_close,"30m strongest: BULLISH score=7.5 | above_ema200,ema_bull_stack,macd_momentum_up,htf_bullish,adx_trade_bonus",SYMBOL_SPECIFIC,SYMBOL_SPECIFIC,0,0,0.47,0.0,LONDON_NY_OVERLAP,UNKNOWN,NORMAL,True,M1,False,True,,,,,,,,,,,2.0.0,2026-05-13T15:30:00+00:00,0.99171,SL,historical_replay,-0.1952,0.04,-0.2352,False,56,HIGH,true
7e2a28be760ce7e66b91,dc45d62e29c288e4094c,,,,forex,GBPAUD,PAPER_CLOSED,SHORT,BEARISH_TRADE_READY,TRADE_READY,2026-05-13 21:41:47,-7.5,93.75,30m,high_vol_gbp_cross,4.7,7.4,2026-05-13T14:42:26.551307+00:00,1.86173,1.86435,1.86435,0.00262,1.85851,19083.96946565,0.1908,35529.1985,0.005,50.0,0.00262,signal_next_cycle,2026-05-13T16:26:17.158399+00:00,latest_candle_close,"30m strongest: BEARISH score=-7.5 | below_ema200,ema_bear_stack,macd_momentum_down,htf_bearish,adx_trade_bonus",SYMBOL_SPECIFIC,SYMBOL_SPECIFIC,2,0,0.66,0.0,LONDON_NY_OVERLAP,UNKNOWN,NORMAL,True,M1,False,True,,,,,,,,,,,2.0.0,2026-05-13T16:35:00+00:00,1.86435,SL,historical_replay,-0.1407,0.04,-0.1807,False,112,HIGH,true
6f934b3cd84ead6af9b2,d0454cba54882f422e9c,,,,forex,AUDNZD,PAPER_CLOSED,LONG,BULLISH_TRADE_READY,TRADE_READY,2026-05-13 21:33:02,7.5,93.75,30m,antipodean_mean_revert,5.0,7.5,2026-05-13T14:33:30.450368+00:00,1.22315,1.22183,1.22183,0.00132,1.22468,37878.78787879,0.3788,46331.4394,0.005,50.0,0.00132,signal_next_cycle,2026-05-13T19:30:00+00:00,latest_candle_close,"30m strongest: BULLISH score=7.5 | above_ema200,ema_bull_stack,macd_momentum_up,htf_bullish,adx_trade_bonus",SYMBOL_SPECIFIC,SYMBOL_SPECIFIC,1,0,0.47,0.0,LONDON_NY_OVERLAP,UNKNOWN,NORMAL,False,nan,False,True,,,,,,,,,,,2.0.0,2026-05-13T19:30:00+00:00,1.22183,SL,candle_path,-0.1079,0.04,-0.1479,False,296,HIGH,true
de2001facc53dd34ec1d,6ea3cf0db3284d85d1d5,,,,forex,AUDJPY,PAPER_CLOSED,LONG,BULLISH_TRADE_READY,TRADE_READY,2026-05-14 10:03:18,7.35,91.89,30m,jpy_risk_trend,4.0,6.8,2026-05-14T03:03:55.140983+00:00,114.526,114.37953,114.37953,0.14647,114.71793,34136.68327985,0.3414,3909537.7893,0.005,50.0,0.14647,signal_next_cycle,2026-05-14T03:51:48.061703+00:00,latest_candle_close,"30m strongest: BULLISH score=7.5 | above_ema200,ema_bull_stack,rsi_bullish_balanced,htf_bullish,adx_trade_bonus",SYMBOL_SPECIFIC,SYMBOL_SPECIFIC,1,0,0.62,0.0,ASIA,UNKNOWN,NORMAL,True,M1,False,True,114.56800079345705,,,,False,,,,,,2.0.0,2026-05-14T03:53:00+00:00,114.37953,SL,historical_replay,-0.1279,0.04,-0.1679,False,49,HIGH,true
cee8c088c8a3a8b9e006,a4b2bcde58d06ac952ac,,,,forex,EURAUD,PAPER_CLOSED,SHORT,BEARISH_TRADE_READY,TRADE_READY,2026-05-14 10:03:18,-7.2,89.95,30m,euro_commodity_cross,4.5,7.1,2026-05-14T03:03:55.603077+00:00,1.61493,1.61493,1.61493,0.00192,1.61252,26041.66666667,0.2604,42055.4688,0.005,50.0,0.00192,signal_next_cycle,2026-05-14T03:30:00+00:00,latest_candle_close,"30m strongest: BEARISH score=-7.5 | below_ema200,ema_bear_stack,rsi_bearish_balanced,htf_bearish,adx_trade_bonus",SYMBOL_SPECIFIC,SYMBOL_SPECIFIC,2,0,0.63,0.0,ASIA,UNKNOWN,NORMAL,False,nan,False,True,1.6129499673843384,,,,True,,,,,,2.0.0,2026-05-14T03:30:00+00:00,1.61493,SL,candle_path,0.0,0.04,-0.04,False,26,HIGH,true
5512a2b9dddfe228ed51,47d3ba180137b10296de,,,,forex,AUDCAD,PAPER_CLOSED,LONG,BULLISH_TRADE_READY,TRADE_READY,2026-05-14 10:33:27,7.5,93.75,30m,commodity_cross_range,4.5,7.0,2026-05-14T03:33:55.001980+00:00,0.99401,0.99221,0.99221,0.0018,0.99607,27777.77777778,0.2778,27611.3889,0.005,50.0,0.0018,signal_next_cycle,2026-05-14T09:30:00+00:00,latest_candle_close,"30m strongest: BULLISH score=7.5 | above_ema200,ema_bull_stack,rsi_bullish_balanced,htf_bullish,adx_trade_bonus",SYMBOL_SPECIFIC,SYMBOL_SPECIFIC,3,0,0.47,0.0,ASIA,UNKNOWN,NORMAL,False,nan,False,True,0.9951800107955933,,,,False,,,,,,2.0.0,2026-05-14T09:30:00+00:00,0.99221,SL,candle_path,-0.1811,0.04,-0.2211,False,356,HIGH,true
a955270824ffc6e1b8f9,22c5851867bb73f29ccc,,,,forex,AUDCHF,PAPER_CLOSED,LONG,BULLISH_TRADE_READY,TRADE_READY,2026-05-14 10:03:18,7.32,91.48,1h,risk_cross_choppy,4.5,7.0,2026-05-14T03:03:55.043889+00:00,0.56687,0.56525,0.56525,0.00162,0.56873,30864.19753087,0.3086,17495.9877,0.005,50.0,0.00162,signal_next_cycle,2026-05-14T12:00:00+00:00,latest_candle_close,"1h strongest: BULLISH score=7.5 | above_ema200,ema_bull_stack,rsi_bullish_balanced,htf_bullish,adx_trade_bonus",SYMBOL_SPECIFIC,SYMBOL_SPECIFIC,0,0,0.62,0.0,ASIA,UNKNOWN,NORMAL,False,nan,False,True,0.5677400231361389,,,,False,,,,,,2.0.0,2026-05-14T12:00:00+00:00,0.56525,SL,candle_path,-0.2858,0.04,-0.3258,False,536,HIGH,true
47895b8196569171a0ba,468f0cf31f6b82f94ff0,,,,forex,EURUSD,PAPER_CLOSED,SHORT,BEARISH_TRADE_READY,TRADE_READY,2026-05-20 09:06:37,-6.85,85.6,30m,liquid_major,4.0,6.7,2026-05-20T02:06:47.734464+00:00,1.16023,1.1609,1.1609,0.00067,1.1593,74626.86567165,0.7463,86584.3284,0.005,50.0,0.00067,signal_next_cycle,2026-05-20T02:06:50.054707+00:00,latest_log_fallback,"30m strongest: BEARISH score=-8.5 | below_ema200,ema_bear_stack,macd_momentum_down,rsi_bearish_balanced,htf_bearish,adx_trade_bonus",USD_STRONG,USD_STRONG,0,0,0.18,0.0,ASIA,UNKNOWN,NORMAL,True,M1,False,True,1.16023,,,,False,,,,,,2.0.0,2026-05-20T02:19:00+00:00,1.1609,SL,historical_replay,-0.0577,0.02,-0.0777,False,12,HIGH,true
493c1236f4a0020eda7d,efca2c857c13218377bf,,,,forex,EURUSD,PAPER_CLOSED,SHORT,BEARISH_TRADE_READY,TRADE_READY,2026-05-20 17:09:12,-6.85,85.6,30m,liquid_major,4.0,6.7,2026-05-20T10:12:07.425063+00:00,1.15942,1.16013,1.16013,0.00071,1.15845,70422.53521125,0.7042,81649.2958,0.005,50.0,0.00071,signal_next_cycle,2026-05-20T10:34:50.929831+00:00,latest_candle_close,"30m strongest: BEARISH score=-8.5 | below_ema200,ema_bear_stack,macd_momentum_down,rsi_bearish_balanced,htf_bearish,adx_trade_bonus",USD_STRONG,USD_STRONG,0,0,2.92,0.0,LONDON,UNKNOWN,NORMAL,True,M1,False,True,1.15942,,,,False,,,,,,2.0.0,2026-05-20T11:19:00+00:00,1.15845,TP1,historical_replay,0.0837,0.02,0.0637,True,66,HIGH,true
63651af1ce5d01dbe8b3,4755b4e757a2f981bbd9,,,,forex,EURJPY,PAPER_CLOSED,SHORT,BEARISH_TRADE_READY,TRADE_READY,2026-05-20 08:31:15,-8.31,100.0,1h,jpy_euro_trend,4.0,6.8,2026-05-20T01:42:03.075152+00:00,184.46201,184.3920041928711,184.70591,0.2439,184.1424,10250.10250102,0.1025,1890754.51,0.005,25.0,0.2439,signal_next_cycle,2026-05-20T02:00:00+00:00,latest_candle_close,"1h strongest: BEARISH score=-8.5 | below_ema200,ema_bear_stack,macd_momentum_down,rsi_bearish_balanced,htf_bearish,adx_trade_bonus",SYMBOL_SPECIFIC,SYMBOL_SPECIFIC,0,0,10.8,0.013,ASIA,UNKNOWN,NORMAL,False,nan,False,True,184.26199340820312,184.52200317382812,0.8201,0.246,False,True,0.5,0.5,1,True,2.0.0,2026-05-20T02:00:00+00:00,184.39200419,SL,candle_path,0.038,0.04,-0.002,False,17,HIGH,true
