blocked_at,outcome,mode,signal_id,signal_cluster_id,cluster_status,market,symbol,direction,decision,signal_type,source_run_at,model_score,confidence_pct,block_rule,block_reason,price_source,current_price,entry_price,stop_loss,take_profit_1,timeframe,trade_thesis,reason,price_drift_pct,schema_version
2026-05-26T13:25:25.988941+00:00,observation_only,research_mode,111b4652fc43e0f6c494,bbc532963d9b75d9,new_opportunity,forex,AUDCAD,LONG,BULLISH_WATCH,WATCH,2026-05-26 10:06:10,6.00,75.00,watch_observation,watch_signals_not_opened_in_realistic_mode,none,,0.98949,0.98763,0.99163,,SYMBOL_SPECIFIC,"30m strongest: BULLISH score=6.5 | above_ema200,ema_bull_stack,macd_momentum_down,rsi_bullish_balanced,htf_bullish,adx_trade_bonus",,2.0.0
2026-05-26T13:25:25.988941+00:00,blocked_trade,realistic_paper_mode,c1777c833b1e9782997e,f22d7f9c5b46f107,new_opportunity,forex,AUDCHF,,WAIT,WAIT,2026-05-26 10:06:10,1.57,19.60,stale_signal,signal_older_than_60_minutes,,,0.56137,nan,nan,,SYMBOL_SPECIFIC,"4h strongest: NEUTRAL score=4.0 | above_ema200,macd_momentum_up,rsi_bullish_balanced",,2.0.0
2026-05-26T13:25:25.988941+00:00,observation_only,research_mode,dda872beeb14224a104d,e4a737052b291505,new_opportunity,forex,AUDJPY,LONG,BULLISH_WATCH,WATCH,2026-05-26 10:06:10,5.50,68.75,watch_observation,watch_signals_not_opened_in_realistic_mode,none,,113.90300,113.78912,114.05222,,SYMBOL_SPECIFIC,"30m strongest: BULLISH score=6.5 | above_ema200,ema_bull_stack,macd_momentum_down,rsi_bullish_balanced,htf_bullish,adx_trade_bonus",,2.0.0
2026-05-26T13:25:25.988941+00:00,observation_only,research_mode,9fbed1a4a3069986611f,ae53cdae00163d9f,new_opportunity,forex,AUDNZD,LONG,BULLISH_WATCH,WATCH,2026-05-26 10:06:10,6.39,79.86,watch_observation,watch_signals_not_opened_in_realistic_mode,none,,1.22446,1.22320,1.22592,,SYMBOL_SPECIFIC,"30m strongest: BULLISH score=7.5 | above_ema200,ema_bull_stack,macd_momentum_up,htf_bullish,adx_trade_bonus",,2.0.0
2026-05-26T13:25:25.988941+00:00,blocked_trade,realistic_paper_mode,6386ac1997ae73a22609,579d10ab5fbc175a,new_opportunity,forex,AUDUSD,,WAIT,WAIT,2026-05-26 10:06:10,2.87,35.87,stale_signal,signal_older_than_60_minutes,,,0.71695,0.71464,0.72009,,USD_STRONG,"4h strongest: BULLISH score=4.0 | above_ema200,macd_momentum_up,rsi_bullish_balanced",,2.0.0
2026-05-26T13:25:25.988941+00:00,observation_only,research_mode,de14e1ddd365ffc2f81f,863def1f054523f5,new_opportunity,forex,CADCHF,SHORT,BEARISH_WATCH,WATCH,2026-05-26 10:06:10,-5.99,74.86,watch_observation,watch_signals_not_opened_in_realistic_mode,none,,0.56731,0.56845,0.56594,,SYMBOL_SPECIFIC,"30m strongest: BEARISH score=-6.5 | below_ema200,ema_bear_stack,htf_bearish,adx_trade_bonus",,2.0.0
2026-05-26T13:25:25.988941+00:00,observation_only,research_mode,867c6aea2387fb53ed29,c2a134f9512199c8,new_opportunity,forex,CADJPY,SHORT,BEARISH_WATCH,WATCH,2026-05-26 10:06:10,-5.78,72.27,watch_observation,watch_signals_not_opened_in_realistic_mode,none,,115.09800,115.18142,114.98869,,SYMBOL_SPECIFIC,"30m strongest: BEARISH score=-8.0 | below_ema200,ema_bear_stack,macd_momentum_down,rsi_bearish_balanced,htf_bearish",,2.0.0
2026-05-26T13:25:25.988941+00:00,observation_only,research_mode,6317bc47a867f108abbb,9f11ec708a505eef,new_opportunity,forex,CHFJPY,LONG,BULLISH_WATCH,WATCH,2026-05-26 10:06:10,6.54,81.77,watch_observation,watch_signals_not_opened_in_realistic_mode,none,,202.87000,202.37033,203.49458,,SYMBOL_SPECIFIC,"4h strongest: BULLISH score=7.5 | above_ema200,ema_bull_stack,rsi_bullish_balanced,htf_bullish,adx_trade_bonus",,2.0.0
2026-05-26T13:25:25.988941+00:00,observation_only,research_mode,95faea84544aedf6ab11,2d8d8091aa8a9824,new_opportunity,forex,EURAUD,SHORT,BEARISH_WATCH,WATCH,2026-05-26 10:06:10,-5.48,68.48,watch_observation,watch_signals_not_opened_in_realistic_mode,none,,1.62327,1.62478,1.62138,,SYMBOL_SPECIFIC,"30m strongest: BEARISH score=-6.5 | below_ema200,ema_bear_stack,macd_momentum_up,rsi_bearish_balanced,htf_bearish,adx_trade_bonus",,2.0.0
2026-05-26T13:25:25.988941+00:00,blocked_trade,realistic_paper_mode,67c986ff348cea9adc5d,11b370e0612aa636,new_opportunity,forex,EURCAD,,WAIT,WAIT,2026-05-26 10:06:10,3.92,49.05,stale_signal,signal_older_than_60_minutes,,,1.60632,1.60505,1.60787,,SYMBOL_SPECIFIC,"30m strongest: BULLISH score=6.5 | above_ema200,ema_bull_stack,macd_momentum_down,rsi_bullish_balanced,htf_bullish,adx_trade_bonus",,2.0.0
2026-05-26T13:25:25.988941+00:00,observation_only,research_mode,faf6074a91da31c8bbcd,e83f8f374ce879a0,new_opportunity,forex,EURCHF,SHORT,BEARISH_WATCH,WATCH,2026-05-26 10:06:10,-4.93,61.68,watch_observation,watch_signals_not_opened_in_realistic_mode,none,,0.91135,0.91228,0.91025,,SYMBOL_SPECIFIC,"1h strongest: BEARISH score=-6.5 | below_ema200,ema_bear_stack,macd_momentum_up,rsi_bearish_balanced,htf_bearish,adx_trade_bonus",,2.0.0
2026-05-26T13:25:25.988941+00:00,observation_only,research_mode,711a9ba5167bb40e2b6e,60b37f357e3e3526,new_opportunity,forex,EURGBP,SHORT,BEARISH_WATCH,WATCH,2026-05-26 10:06:10,-6.89,86.14,watch_observation,watch_signals_not_opened_in_realistic_mode,none,,0.86253,0.86368,0.86114,,SYMBOL_SPECIFIC,"4h strongest: BEARISH score=-7.5 | below_ema200,ema_bear_stack,macd_momentum_down,htf_bearish,adx_trade_bonus",,2.0.0
2026-05-26T13:25:25.988941+00:00,blocked_trade,realistic_paper_mode,0d58b743a8b0cc24d62a,4693f79d2be5ef93,new_opportunity,forex,EURJPY,,WAIT,WAIT,2026-05-26 10:06:10,0.16,1.95,stale_signal,signal_older_than_60_minutes,,,184.89600,184.78553,185.04074,,SYMBOL_SPECIFIC,"30m strongest: BULLISH score=5.5 | above_ema200,ema_bull_stack,macd_momentum_down,htf_bullish,adx_trade_bonus",,2.0.0
2026-05-26T13:25:25.988941+00:00,observation_only,research_mode,d1fa4213f4c8dc54855d,a42a57548c4cb982,new_opportunity,forex,EURNZD,LONG,BULLISH_WATCH,WATCH,2026-05-26 10:06:10,5.04,63.03,watch_observation,watch_signals_not_opened_in_realistic_mode,none,,1.98751,1.98529,1.99025,,SYMBOL_SPECIFIC,"30m strongest: BULLISH score=7.5 | above_ema200,ema_bull_stack,macd_momentum_up,htf_bullish,adx_trade_bonus",,2.0.0
2026-05-26T13:25:25.988941+00:00,blocked_trade,realistic_paper_mode,83e10688904e5704bb80,379c7cd4017b61e4,new_opportunity,forex,EURUSD,,WAIT,WAIT,2026-05-26 10:06:10,-3.97,49.57,stale_signal,signal_older_than_60_minutes,,,1.16374,1.16600,1.16063,,USD_STRONG,"4h strongest: BEARISH score=-7.5 | below_ema200,ema_bear_stack,rsi_bearish_balanced,htf_bearish,adx_trade_bonus",,2.0.0
2026-05-26T13:25:25.988941+00:00,blocked_trade,realistic_paper_mode,ae67f536c7bb5dfadb69,6de8d2e08f9fb4ef,new_opportunity,forex,GBPAUD,,WAIT,WAIT,2026-05-26 10:06:10,-1.52,19.02,stale_signal,signal_older_than_60_minutes,,,1.88153,1.88739,1.87434,,SYMBOL_SPECIFIC,"4h strongest: BEARISH score=-5.5 | below_ema200,rsi_bearish_balanced,htf_bearish,adx_trade_bonus",,2.0.0
2026-05-26T13:25:25.988941+00:00,observation_only,research_mode,ac7eec42ac7298e20dae,75f33200e19ee239,new_opportunity,forex,GBPCAD,LONG,BULLISH_WATCH,WATCH,2026-05-26 10:06:10,5.80,72.47,watch_observation,watch_signals_not_opened_in_realistic_mode,none,,1.86233,1.86029,1.86484,,SYMBOL_SPECIFIC,"1h strongest: BULLISH score=6.5 | above_ema200,ema_bull_stack,macd_momentum_down,rsi_bullish_balanced,htf_bullish,adx_trade_bonus",,2.0.0
2026-05-26T13:25:25.988941+00:00,blocked_trade,realistic_paper_mode,ba8a8d6637e525fee136,4e93a206cb2e2318,new_opportunity,forex,GBPCHF,,WAIT,WAIT,2026-05-26 10:06:10,1.04,13.03,stale_signal,signal_older_than_60_minutes,,,1.05652,1.05532,1.05797,,SYMBOL_SPECIFIC,"30m strongest: BULLISH score=6.5 | above_ema200,ema_bull_stack,macd_momentum_down,rsi_bullish_balanced,htf_bullish,adx_trade_bonus",,2.0.0
2026-05-26T13:25:25.988941+00:00,observation_only,research_mode,ab6ea952fe1fce429e9a,a2b77562b52eb9e3,new_opportunity,forex,GBPJPY,LONG,BULLISH_WATCH,WATCH,2026-05-26 10:06:10,5.80,72.50,watch_observation,watch_signals_not_opened_in_realistic_mode,none,,214.34599,214.11654,214.63108,,SYMBOL_SPECIFIC,"1h strongest: BULLISH score=6.5 | above_ema200,ema_bull_stack,macd_momentum_down,rsi_bullish_balanced,htf_bullish,adx_trade_bonus",,2.0.0
2026-05-26T13:25:25.988941+00:00,blocked_trade,realistic_paper_mode,a7612bdef13fcf5d2672,de8b3684e56d159d,new_opportunity,forex,GBPNZD,,WAIT,WAIT,2026-05-26 10:06:10,4.09,51.17,stale_signal,signal_older_than_60_minutes,,,2.30399,2.30101,2.30758,,SYMBOL_SPECIFIC,"30m strongest: BULLISH score=5.5 | above_ema200,ema_bull_stack,macd_momentum_up,adx_trade_bonus",,2.0.0
2026-05-26T13:25:25.988941+00:00,blocked_trade,realistic_paper_mode,d33f8ef42bace9af9f65,3d3067490ed25063,new_opportunity,forex,GBPUSD,,WAIT,WAIT,2026-05-26 10:06:10,3.34,41.77,stale_signal,signal_older_than_60_minutes,,,1.34880,nan,nan,,USD_STRONG,"4h strongest: NEUTRAL score=4.0 | above_ema200,macd_momentum_up,rsi_bullish_balanced",,2.0.0
2026-05-26T13:25:25.988941+00:00,blocked_trade,realistic_paper_mode,3f8bd0cab5ac80949603,5379cb40bf96d7c2,new_opportunity,forex,NZDCAD,,WAIT,WAIT,2026-05-26 10:06:10,3.24,40.49,stale_signal,signal_older_than_60_minutes,,,0.80811,0.80676,0.80970,,SYMBOL_SPECIFIC,"1h strongest: BULLISH score=5.5 | above_ema200,ema_bull_stack,macd_momentum_down,htf_bullish,adx_trade_bonus",,2.0.0
2026-05-26T13:25:25.988941+00:00,observation_only,research_mode,a735369be6cf675ce7d7,fa739e0e4e9a2d58,new_opportunity,forex,NZDCHF,SHORT,BEARISH_WATCH,WATCH,2026-05-26 10:06:10,-6.46,80.71,watch_observation,watch_signals_not_opened_in_realistic_mode,none,,0.45842,0.45936,0.45731,,SYMBOL_SPECIFIC,"30m strongest: BEARISH score=-7.5 | below_ema200,ema_bear_stack,macd_momentum_down,htf_bearish,adx_trade_bonus",,2.0.0
2026-05-26T13:25:25.988941+00:00,blocked_trade,realistic_paper_mode,7a751dbe9a599a65abc0,8e88e33a6bca9389,new_opportunity,forex,NZDJPY,,WAIT,WAIT,2026-05-26 10:06:10,-3.51,43.88,stale_signal,signal_older_than_60_minutes,,,93.01900,nan,nan,,SYMBOL_SPECIFIC,"4h strongest: NEUTRAL score=-4.0 | below_ema200,macd_momentum_down,rsi_bearish_balanced",,2.0.0
2026-05-26T13:25:25.988941+00:00,observation_only,research_mode,fca52bc9c817902c8b9a,ed5f06b9b69f0f87,new_opportunity,forex,NZDUSD,SHORT,BEARISH_WATCH,WATCH,2026-05-26 10:06:10,-5.74,71.74,watch_observation,watch_signals_not_opened_in_realistic_mode,none,,0.58545,0.58755,0.58272,,USD_STRONG,"4h strongest: BEARISH score=-6.0 | below_ema200,ema_bear_stack,macd_momentum_down,rsi_bearish_balanced",,2.0.0
2026-05-26T13:25:25.988941+00:00,observation_only,research_mode,66ae1cb271b5fd8ba532,b83003c5fa539035,new_opportunity,forex,USDCAD,LONG,BULLISH_WATCH,WATCH,2026-05-26 10:06:10,6.70,83.70,watch_observation,watch_signals_not_opened_in_realistic_mode,none,,1.38060,1.37918,1.38246,,USD_STRONG,"1h strongest: BULLISH score=8.0 | above_ema200,ema_bull_stack,macd_momentum_up,rsi_bullish_balanced,htf_bullish",,2.0.0
2026-05-26T13:25:25.988941+00:00,blocked_trade,realistic_paper_mode,fa0457911b18b69aed73,0790e7a2b0396c4c,new_opportunity,forex,USDCHF,,WAIT,WAIT,2026-05-26 10:06:10,-4.01,50.14,stale_signal,signal_older_than_60_minutes,,,0.78332,0.78390,0.78258,,USD_STRONG,"30m strongest: BEARISH score=-6.5 | below_ema200,ema_bear_stack,htf_bearish,adx_trade_bonus",,2.0.0
2026-05-26T13:25:25.988941+00:00,blocked_trade,realistic_paper_mode,3953fd63ee488d7073e1,e15bf4f16ed3e2e7,new_opportunity,forex,USDJPY,,WAIT,WAIT,2026-05-26 10:06:10,2.80,35.00,stale_signal,signal_older_than_60_minutes,,,158.92599,nan,nan,,USD_STRONG,"30m strongest: NEUTRAL score=3.0 | above_ema200,rsi_bullish_balanced",,2.0.0
2026-05-26T13:27:56.477044+00:00,observation_only,research_mode,580bb3b631aedb7a34a0,87b459013981eaa2,new_opportunity,forex,AUDCAD,LONG,BULLISH_WATCH,WATCH,2026-05-26 20:27:27,6.50,81.25,watch_observation,watch_signals_not_opened_in_realistic_mode,none,,0.99102,0.98899,0.99335,,SYMBOL_SPECIFIC,"30m strongest: BULLISH score=7.5 | above_ema200,ema_bull_stack,macd_momentum_up,htf_bullish,adx_trade_bonus",,2.0.0
2026-05-26T13:27:56.477044+00:00,blocked_trade,realistic_paper_mode,1503bcb1c05c9755268c,6678afeceea055e1,new_opportunity,forex,AUDCHF,,WAIT,WAIT,2026-05-26 20:27:27,3.93,49.15,decision_not_allowed,decision_not_allowed,live_candle_close,0.5630199909210205,0.56292,0.56150,0.56455,,SYMBOL_SPECIFIC,"30m strongest: BULLISH score=5.5 | above_ema200,ema_bull_stack,macd_momentum_up,adx_trade_bonus",0.0178,2.0.0
2026-05-26T13:27:56.477044+00:00,observation_only,research_mode,8dc1979d994725eebbc7,7dc78ccb916e3424,new_opportunity,forex,AUDJPY,LONG,BULLISH_WATCH,WATCH,2026-05-26 20:27:27,5.00,62.50,watch_observation,watch_signals_not_opened_in_realistic_mode,none,,114.21500,114.08474,114.38567,,SYMBOL_SPECIFIC,"30m strongest: BULLISH score=5.0 | above_ema200,ema_bull_stack,macd_momentum_up",,2.0.0
2026-05-26T13:27:56.477044+00:00,observation_only,research_mode,5b7d9071e02f9befe3d5,7cfd10073a084c86,new_opportunity,forex,AUDNZD,LONG,BULLISH_WATCH,WATCH,2026-05-26 20:27:27,6.39,79.86,watch_observation,watch_signals_not_opened_in_realistic_mode,none,,1.22784,1.22660,1.22928,,SYMBOL_SPECIFIC,"30m strongest: BULLISH score=7.5 | above_ema200,ema_bull_stack,macd_momentum_up,htf_bullish,adx_trade_bonus",,2.0.0
2026-05-26T13:27:56.477044+00:00,observation_only,research_mode,81b3eaf55df69411d988,afa5189d9938fb84,new_opportunity,forex,AUDUSD,LONG,BULLISH_WATCH,WATCH,2026-05-26 20:27:27,4.22,52.72,watch_observation,watch_signals_not_opened_in_realistic_mode,none,,0.71757,0.71705,0.71827,,USD_WEAK,"30m strongest: BULLISH score=6.5 | above_ema200,ema_bull_stack,macd_momentum_up,rsi_bullish_balanced,adx_trade_bonus",,2.0.0
2026-05-26T13:27:56.477044+00:00,observation_only,research_mode,ba617b2939a34278307c,c716c228f2182645,new_opportunity,forex,CADCHF,SHORT,BEARISH_WATCH,WATCH,2026-05-26 20:27:27,-4.78,59.72,watch_observation,watch_signals_not_opened_in_realistic_mode,none,,0.56808,0.56952,0.56636,,SYMBOL_SPECIFIC,"1h strongest: BEARISH score=-6.5 | below_ema200,ema_bear_stack,htf_bearish,adx_trade_bonus",,2.0.0
2026-05-26T13:27:56.477044+00:00,observation_only,research_mode,14b572a59780c0e342ca,3badcbd2bfb8b733,new_opportunity,forex,CADJPY,SHORT,BEARISH_WATCH,WATCH,2026-05-26 20:27:27,-6.50,81.25,watch_observation,watch_signals_not_opened_in_realistic_mode,none,,115.23600,115.33414,115.10741,,SYMBOL_SPECIFIC,"30m strongest: BEARISH score=-6.5 | below_ema200,macd_momentum_down,rsi_bearish_balanced,htf_bearish,adx_trade_bonus",,2.0.0
2026-05-26T13:27:56.477044+00:00,observation_only,research_mode,7ac06be17c9ce6a757ed,3887804a6805bd3c,new_opportunity,forex,CHFJPY,LONG,BULLISH_WATCH,WATCH,2026-05-26 20:27:27,6.08,76.04,watch_observation,watch_signals_not_opened_in_realistic_mode,none,,202.82899,202.58502,203.13396,,SYMBOL_SPECIFIC,"1h strongest: BULLISH score=6.5 | above_ema200,ema_bull_stack,macd_momentum_down,rsi_bullish_balanced,htf_bullish,adx_trade_bonus",,2.0.0
2026-05-26T13:27:56.477044+00:00,observation_only,research_mode,056a60f012c1138f0917,4a5f0d272712e9a9,new_opportunity,forex,EURAUD,SHORT,BEARISH_WATCH,WATCH,2026-05-26 20:27:27,-6.11,76.36,watch_observation,watch_signals_not_opened_in_realistic_mode,none,,1.62180,1.62361,1.61953,,SYMBOL_SPECIFIC,"30m strongest: BEARISH score=-7.5 | below_ema200,ema_bear_stack,macd_momentum_down,htf_bearish,adx_trade_bonus",,2.0.0
2026-05-26T13:27:56.477044+00:00,observation_only,research_mode,582ed4f571b9b6c8cb66,99238407135339b4,new_opportunity,forex,EURCAD,LONG,BULLISH_WATCH,WATCH,2026-05-26 20:27:27,6.67,83.42,watch_observation,watch_signals_not_opened_in_realistic_mode,none,,1.60710,1.60574,1.60876,,SYMBOL_SPECIFIC,"30m strongest: BULLISH score=8.5 | above_ema200,ema_bull_stack,macd_momentum_up,rsi_bullish_balanced,htf_bullish,adx_trade_bonus",,2.0.0
2026-05-26T13:27:56.477044+00:00,blocked_trade,realistic_paper_mode,115179af0703e7cae2c5,1789eaaf90093705,new_opportunity,forex,EURCHF,,WAIT,WAIT,2026-05-26 20:27:27,-2.80,35.05,decision_not_allowed,decision_not_allowed,live_candle_close,0.9130600094795227,0.91305,nan,nan,,SYMBOL_SPECIFIC,"4h strongest: NEUTRAL score=-4.0 | below_ema200,ema_bear_stack,macd_momentum_up,rsi_bearish_balanced",0.0011,2.0.0
2026-05-26T13:27:56.477044+00:00,observation_only,research_mode,8c8da7158f686ed144b2,48b00e41f77ee511,new_opportunity,forex,EURGBP,SHORT,BEARISH_WATCH,WATCH,2026-05-26 20:27:27,-6.12,76.49,watch_observation,watch_signals_not_opened_in_realistic_mode,none,,0.86358,0.86412,0.86292,,SYMBOL_SPECIFIC,"1h strongest: BEARISH score=-6.5 | below_ema200,ema_bear_stack,htf_bearish,adx_trade_bonus",,2.0.0
2026-05-26T13:27:56.477044+00:00,observation_only,research_mode,83d68ba8e099430516f8,7cd1d1677ff21ab7,new_opportunity,forex,EURJPY,LONG,BULLISH_WATCH,WATCH,2026-05-26 20:27:27,4.44,55.47,watch_observation,watch_signals_not_opened_in_realistic_mode,none,,185.21100,185.08991,185.36967,,SYMBOL_SPECIFIC,"30m strongest: BULLISH score=6.5 | above_ema200,ema_bull_stack,macd_momentum_down,rsi_bullish_balanced,htf_bullish,adx_trade_bonus",,2.0.0
2026-05-26T13:27:56.477044+00:00,blocked_trade,realistic_paper_mode,5b3f74e12c63a77b50cc,21b33e89c59b8b5c,new_opportunity,forex,EURNZD,,WAIT,WAIT,2026-05-26 20:27:27,4.17,52.13,decision_not_allowed,decision_not_allowed,live_candle_close,1.9910800457000732,1.99138,1.98923,1.99403,,SYMBOL_SPECIFIC,"30m strongest: BULLISH score=5.5 | above_ema200,ema_bull_stack,macd_momentum_down,htf_bullish,adx_trade_bonus",0.0151,2.0.0
2026-05-26T13:27:56.477044+00:00,observation_only,research_mode,1db48f7fbd29b45b1227,dfdf62ab1f6b84ac,new_opportunity,forex,EURUSD,SHORT,BEARISH_WATCH,WATCH,2026-05-26 20:27:27,-5.13,64.13,watch_observation,watch_signals_not_opened_in_realistic_mode,none,,1.16360,1.16585,1.16051,,USD_STRONG,"4h strongest: BEARISH score=-7.5 | below_ema200,ema_bear_stack,rsi_bearish_balanced,htf_bearish,adx_trade_bonus",,2.0.0
2026-05-26T13:27:56.477044+00:00,observation_only,research_mode,66eb59654166bfd55f25,33537bda299b38f3,new_opportunity,forex,GBPAUD,SHORT,BEARISH_WATCH,WATCH,2026-05-26 20:27:27,-5.61,70.08,watch_observation,watch_signals_not_opened_in_realistic_mode,none,,1.87781,1.88384,1.87042,,SYMBOL_SPECIFIC,"4h strongest: BEARISH score=-6.5 | below_ema200,macd_momentum_down,rsi_bearish_balanced,htf_bearish,adx_trade_bonus",,2.0.0
2026-05-26T13:27:56.477044+00:00,observation_only,research_mode,b811896c3c6e76edc908,348289e80de08dbc,new_opportunity,forex,GBPCAD,LONG,BULLISH_WATCH,WATCH,2026-05-26 20:27:27,4.94,61.70,watch_observation,watch_signals_not_opened_in_realistic_mode,none,,1.86087,1.85866,1.86360,,SYMBOL_SPECIFIC,"1h strongest: BULLISH score=7.5 | above_ema200,ema_bull_stack,rsi_bullish_balanced,htf_bullish,adx_trade_bonus",,2.0.0
2026-05-26T13:27:56.477044+00:00,observation_only,research_mode,0bfb16f04be47e3f7384,009726fbf81963ab,new_opportunity,forex,GBPCHF,LONG,BULLISH_WATCH,WATCH,2026-05-26 20:27:27,5.39,67.42,watch_observation,watch_signals_not_opened_in_realistic_mode,none,,1.05721,1.05584,1.05887,,SYMBOL_SPECIFIC,"30m strongest: BULLISH score=7.5 | above_ema200,ema_bull_stack,rsi_bullish_balanced,htf_bullish,adx_trade_bonus",,2.0.0
2026-05-26T13:27:56.477044+00:00,observation_only,research_mode,e466a159eea1fbba7f8b,ac1a4944e323b476,new_opportunity,forex,GBPJPY,LONG,BULLISH_WATCH,WATCH,2026-05-26 20:27:27,5.83,72.88,watch_observation,watch_signals_not_opened_in_realistic_mode,none,,214.45300,214.25757,214.69581,,SYMBOL_SPECIFIC,"30m strongest: BULLISH score=6.5 | above_ema200,ema_bull_stack,macd_momentum_down,rsi_bullish_balanced,htf_bullish,adx_trade_bonus",,2.0.0
2026-05-26T13:27:56.477044+00:00,observation_only,research_mode,7ff84c6d0ff5368d9de4,0242d3e764730a0f,new_opportunity,forex,GBPNZD,LONG,BULLISH_WATCH,WATCH,2026-05-26 20:27:27,5.86,73.31,watch_observation,watch_signals_not_opened_in_realistic_mode,none,,2.30588,2.30166,2.31097,,SYMBOL_SPECIFIC,"1h strongest: BULLISH score=6.5 | above_ema200,ema_bull_stack,htf_bullish,adx_trade_bonus",,2.0.0
2026-05-26T13:27:56.477044+00:00,blocked_trade,realistic_paper_mode,5af73409d4b5cbbd17ad,ba8d15aba1e26a91,new_opportunity,forex,GBPUSD,,WAIT,WAIT,2026-05-26 20:27:27,-0.52,6.52,decision_not_allowed,decision_not_allowed,live_candle_close,1.346728801727295,1.34686,nan,nan,,USD_STRONG,"30m strongest: NEUTRAL score=3.0 | above_ema200,macd_momentum_down,htf_bullish",0.0097,2.0.0
2026-05-26T13:27:56.477044+00:00,blocked_trade,realistic_paper_mode,fdca2514e00a464ca8ea,b289a208bb54d838,new_opportunity,forex,NZDCAD,,WAIT,WAIT,2026-05-26 20:27:27,1.74,21.74,decision_not_allowed,decision_not_allowed,live_candle_close,0.8067600131034851,0.80696,nan,nan,,SYMBOL_SPECIFIC,"4h strongest: NEUTRAL score=4.0 | above_ema200,ema_bull_stack,macd_momentum_down,rsi_bullish_balanced",0.0248,2.0.0
2026-05-26T13:27:56.477044+00:00,observation_only,research_mode,7320e55ba5480dff9612,2d148ed67dc302fd,new_opportunity,forex,NZDCHF,SHORT,BEARISH_WATCH,WATCH,2026-05-26 20:27:27,-6.80,85.05,watch_observation,watch_signals_not_opened_in_realistic_mode,none,,0.45848,0.45952,0.45726,,SYMBOL_SPECIFIC,"1h strongest: BEARISH score=-7.5 | below_ema200,ema_bear_stack,rsi_bearish_balanced,htf_bearish,adx_trade_bonus",,2.0.0
2026-05-26T13:27:56.477044+00:00,observation_only,research_mode,cf704e5fe77be3515232,a1c943cd7a406823,new_opportunity,forex,NZDJPY,SHORT,BEARISH_WATCH,WATCH,2026-05-26 20:27:27,-5.41,67.60,watch_observation,watch_signals_not_opened_in_realistic_mode,none,,92.99600,93.10576,92.85792,,SYMBOL_SPECIFIC,"30m strongest: BEARISH score=-7.5 | below_ema200,ema_bear_stack,rsi_bearish_balanced,htf_bearish,adx_trade_bonus",,2.0.0
2026-05-26T13:27:56.477044+00:00,observation_only,research_mode,9f0d466d4b544521669b,b658af4f34745d9f,new_opportunity,forex,NZDUSD,SHORT,BEARISH_WATCH,WATCH,2026-05-26 20:27:27,-5.93,74.18,watch_observation,watch_signals_not_opened_in_realistic_mode,none,,0.58421,0.58466,0.58363,,USD_STRONG,"30m strongest: BEARISH score=-6.5 | below_ema200,ema_bear_stack,htf_bearish,adx_trade_bonus",,2.0.0
2026-05-26T13:27:56.477044+00:00,blocked_trade,realistic_paper_mode,c8d1db1ad9d1e8a3f9b5,ed376dc33cecf65f,new_opportunity,forex,USDCAD,LONG,BULLISH_TRADE_READY,TRADE_READY,2026-05-26 20:27:27,7.47,93.34,regime_gate,SKIP_REGIME_UNKNOWN_OR_NOT_ALLOWED,live_candle_close,1.38155996799469,1.38166,1.38015,1.38364,,USD_STRONG,"1h strongest: BULLISH score=8.0 | above_ema200,ema_bull_stack,macd_momentum_up,rsi_bullish_balanced,htf_bullish",0.0072,2.0.0
2026-05-26T13:27:56.477044+00:00,blocked_trade,realistic_paper_mode,909f474c7216d5631d03,335d9b0c5efc8971,new_opportunity,forex,USDCHF,,WAIT,WAIT,2026-05-26 20:27:27,3.48,43.48,decision_not_allowed,decision_not_allowed,live_candle_close,0.7850499749183655,0.78506,nan,nan,,USD_STRONG,"4h strongest: NEUTRAL score=4.0 | above_ema200,macd_momentum_up,rsi_bullish_balanced",0.0013,2.0.0
2026-05-26T13:27:56.477044+00:00,observation_only,research_mode,3a57c01cb4a0c96fcd63,9db809f7abf2f837,new_opportunity,forex,USDJPY,LONG,BULLISH_WATCH,WATCH,2026-05-26 20:27:27,4.68,58.46,watch_observation,watch_signals_not_opened_in_realistic_mode,none,,159.23100,159.15321,159.33026,,USD_STRONG,"30m strongest: BULLISH score=7.5 | above_ema200,ema_bull_stack,macd_momentum_up,htf_bullish,adx_trade_bonus",,2.0.0
2026-06-08T14:45:55.951676+00:00,observation_only,research_mode,0fb8d57daa65fdc11753,b31d20e2ef428af7,new_opportunity,forex,AUDJPY,SHORT,BEARISH_WATCH,WATCH,2026-06-08 21:45:26,-4.31,53.86,watch_observation,watch_signals_not_opened_in_realistic_mode,none,,112.93200,113.15767,112.63629,,SYMBOL_SPECIFIC,"30m strongest: BEARISH score=-7.5 | below_ema200,ema_bear_stack,rsi_bearish_balanced,htf_bearish,adx_trade_bonus",,2.0.0
2026-06-08T14:45:55.951676+00:00,blocked_trade,realistic_paper_mode,0afef0d262ee9c79c97f,969ec338f017053b,new_opportunity,forex,AUDNZD,,WAIT,WAIT,2026-06-08 21:45:26,-2.98,37.22,decision_not_allowed,decision_not_allowed,live_candle_close,1.2133400440216064,1.21327,nan,nan,,SYMBOL_SPECIFIC,"4h strongest: NEUTRAL score=-4.0 | below_ema200,macd_momentum_down,rsi_bearish_balanced",0.0058,2.0.0
2026-06-08T14:45:55.951676+00:00,observation_only,research_mode,933f42adbb63dc61bd35,8efa4187f9b0bddd,new_opportunity,forex,AUDUSD,SHORT,BEARISH_WATCH,WATCH,2026-06-08 21:45:26,-6.26,78.26,watch_observation,watch_signals_not_opened_in_realistic_mode,none,,0.70557,0.70667,0.70407,,USD_STRONG,"30m strongest: BEARISH score=-7.5 | below_ema200,ema_bear_stack,rsi_bearish_balanced,htf_bearish,adx_trade_bonus",,2.0.0
2026-06-08T14:45:55.951676+00:00,blocked_trade,realistic_paper_mode,6e4cad7988531366d9fb,1ba866b4310d28f8,new_opportunity,forex,CADCHF,,WAIT,WAIT,2026-06-08 21:45:26,4.11,51.39,decision_not_allowed,decision_not_allowed,live_candle_close,0.57191002368927,0.57187,0.57041,0.57362,,SYMBOL_SPECIFIC,"30m strongest: BULLISH score=7.5 | above_ema200,ema_bull_stack,rsi_bullish_balanced,htf_bullish,adx_trade_bonus",0.007,2.0.0
2026-06-08T14:45:55.951676+00:00,blocked_trade,realistic_paper_mode,e37ab116af1412e19285,bf38e9970c7a2bbf,new_opportunity,forex,CADJPY,SHORT,BEARISH_TRADE_READY,TRADE_READY,2026-06-08 21:45:26,-7.81,97.66,regime_gate,SKIP_REGIME_UNKNOWN_OR_NOT_ALLOWED,live_candle_close,114.83399963378906,114.83800,115.13871,114.44396,,SYMBOL_SPECIFIC,"4h strongest: BEARISH score=-8.5 | below_ema200,ema_bear_stack,macd_momentum_down,rsi_bearish_balanced,htf_bearish,adx_trade_bonus",0.0035,2.0.0
2026-06-08T14:45:55.951676+00:00,blocked_trade,realistic_paper_mode,1db128b4fbe0667dc94d,8ff40864f5f1726a,new_opportunity,forex,CHFJPY,,WAIT,WAIT,2026-06-08 21:45:26,-3.75,46.88,decision_not_allowed,decision_not_allowed,live_candle_close,200.76100158691406,200.77800,201.08862,200.38972,,SYMBOL_SPECIFIC,"30m strongest: BEARISH score=-7.5 | below_ema200,ema_bear_stack,rsi_bearish_balanced,htf_bearish,adx_trade_bonus",0.0085,2.0.0
2026-06-08T14:45:55.951676+00:00,observation_only,research_mode,4308a658cba07678a227,b457af5eed3523d3,new_opportunity,forex,EURAUD,LONG,BULLISH_WATCH,WATCH,2026-06-08 21:45:26,4.72,58.97,watch_observation,watch_signals_not_opened_in_realistic_mode,none,,1.63536,1.63278,1.63858,,SYMBOL_SPECIFIC,"30m strongest: BULLISH score=8.5 | above_ema200,ema_bull_stack,macd_momentum_up,rsi_bullish_balanced,htf_bullish,adx_trade_bonus",,2.0.0
2026-06-08T14:45:55.951676+00:00,blocked_trade,realistic_paper_mode,bb7149e104c0e7f13df8,df08ea97fa38a915,new_opportunity,forex,EURCAD,,WAIT,WAIT,2026-06-08 21:45:26,3.23,40.35,decision_not_allowed,decision_not_allowed,live_candle_close,1.6084500551223755,1.60839,1.60447,1.61318,,SYMBOL_SPECIFIC,"4h strongest: BULLISH score=7.5 | above_ema200,ema_bull_stack,rsi_bullish_balanced,htf_bullish,adx_trade_bonus",0.0037,2.0.0
2026-06-08T14:45:55.951676+00:00,observation_only,research_mode,aea32e7b3cf43e1366bc,89ab5755e0c98000,new_opportunity,forex,EURCHF,LONG,BULLISH_WATCH,WATCH,2026-06-08 21:45:26,6.37,79.62,watch_observation,watch_signals_not_opened_in_realistic_mode,none,,0.91986,0.91880,0.92110,,SYMBOL_SPECIFIC,"30m strongest: BULLISH score=7.5 | above_ema200,ema_bull_stack,macd_momentum_up,htf_bullish,adx_trade_bonus",,2.0.0
2026-06-08T14:45:55.951676+00:00,blocked_trade,realistic_paper_mode,600cf6a7ded6e5f7eb86,1dedc1ec0a1578f2,new_opportunity,forex,EURGBP,,WAIT,WAIT,2026-06-08 21:45:26,-3.39,42.39,decision_not_allowed,decision_not_allowed,live_candle_close,0.864549994468689,0.86452,0.86520,0.86370,,SYMBOL_SPECIFIC,"1h strongest: BEARISH score=-5.0 | below_ema200,ema_bear_stack,macd_momentum_up,htf_bearish",0.0035,2.0.0
2026-06-08T14:45:55.951676+00:00,observation_only,research_mode,43a4f3137f8afb8c2e29,469ca33b422c7898,new_opportunity,forex,EURJPY,SHORT,BEARISH_WATCH,WATCH,2026-06-08 21:45:26,-4.88,60.94,watch_observation,watch_signals_not_opened_in_realistic_mode,none,,184.71001,184.93271,184.41819,,SYMBOL_SPECIFIC,"30m strongest: BEARISH score=-6.5 | below_ema200,ema_bear_stack,macd_momentum_up,rsi_bearish_balanced,htf_bearish,adx_trade_bonus",,2.0.0
2026-06-08T14:45:55.951676+00:00,blocked_trade,realistic_paper_mode,7fcf51ede7dc61905af2,033e70abb240e3fd,new_opportunity,forex,EURNZD,,WAIT,WAIT,2026-06-08 21:45:26,3.81,47.61,decision_not_allowed,decision_not_allowed,live_candle_close,1.9835599660873413,1.98410,1.98083,1.98813,,SYMBOL_SPECIFIC,"30m strongest: BULLISH score=6.5 | above_ema200,macd_momentum_up,rsi_bullish_balanced,htf_bullish,adx_trade_bonus",0.0272,2.0.0
2026-06-08T14:45:55.951676+00:00,blocked_trade,realistic_paper_mode,556a5b1c81a21b5d8b9a,cf9f5de585c16d97,new_opportunity,forex,EURUSD,SHORT,BEARISH_TRADE_READY,TRADE_READY,2026-06-08 21:45:26,-6.72,83.97,portfolio_risk,portfolio_notional_cap,live_candle_close,1.1539349555969238,1.15380,1.15489,1.15230,,USD_STRONG,"30m strongest: BEARISH score=-7.5 | below_ema200,ema_bear_stack,rsi_bearish_balanced,htf_bearish,adx_trade_bonus",0.0117,2.0.0
2026-06-08T14:45:55.951676+00:00,blocked_trade,realistic_paper_mode,57601d95c425979b63c2,6e4409a6d043e1ac,new_opportunity,forex,GBPAUD,,WAIT,WAIT,2026-06-08 21:45:26,4.68,58.51,decision_not_allowed,decision_not_allowed,live_candle_close,1.8909599781036377,1.89147,1.88855,1.89505,,SYMBOL_SPECIFIC,"30m strongest: BULLISH score=8.5 | above_ema200,ema_bull_stack,macd_momentum_up,rsi_bullish_balanced,htf_bullish,adx_trade_bonus",0.027,2.0.0
2026-06-08T14:45:55.951676+00:00,blocked_trade,realistic_paper_mode,337dbae964eb2c1907bc,76e3767c3258ed88,new_opportunity,forex,GBPCAD,,WAIT,WAIT,2026-06-08 21:45:26,1.99,24.87,decision_not_allowed,decision_not_allowed,live_candle_close,1.860360026359558,1.86050,1.86290,1.85754,,SYMBOL_SPECIFIC,"30m strongest: BEARISH score=-5.5 | below_ema200,ema_bear_stack,rsi_bearish_balanced,adx_trade_bonus",0.0075,2.0.0
2026-06-08T14:45:55.951676+00:00,observation_only,research_mode,dd2e41268b957247efec,65c543926cf21aa1,new_opportunity,forex,GBPCHF,LONG,BULLISH_WATCH,WATCH,2026-06-08 21:45:26,6.22,77.79,watch_observation,watch_signals_not_opened_in_realistic_mode,none,,1.06406,1.06207,1.06646,,SYMBOL_SPECIFIC,"1h strongest: BULLISH score=7.5 | above_ema200,ema_bull_stack,rsi_bullish_balanced,htf_bullish,adx_trade_bonus",,2.0.0
2026-06-08T14:45:55.951676+00:00,observation_only,research_mode,106b781ce9e586db18e4,9071201e64eb6e7d,new_opportunity,forex,GBPJPY,SHORT,BEARISH_WATCH,WATCH,2026-06-08 21:45:26,-4.63,57.88,watch_observation,watch_signals_not_opened_in_realistic_mode,none,,213.63600,213.98525,213.20209,,SYMBOL_SPECIFIC,"30m strongest: BEARISH score=-7.5 | below_ema200,ema_bear_stack,rsi_bearish_balanced,htf_bearish,adx_trade_bonus",,2.0.0
2026-06-08T14:45:55.951676+00:00,blocked_trade,realistic_paper_mode,30a17420e5720cc7ec4b,3fe3bbb3410c2ca9,new_opportunity,forex,GBPNZD,,WAIT,WAIT,2026-06-08 21:45:26,3.24,40.49,decision_not_allowed,decision_not_allowed,live_candle_close,2.294420003890991,2.29497,2.29026,2.30065,,SYMBOL_SPECIFIC,"30m strongest: BULLISH score=6.5 | above_ema200,macd_momentum_up,rsi_bullish_balanced,htf_bullish,adx_trade_bonus",0.024,2.0.0
2026-06-08T14:45:55.951676+00:00,observation_only,research_mode,c8918a6c204c8dfb23b3,bd91294dd01a4c64,new_opportunity,forex,GBPUSD,SHORT,BEARISH_WATCH,WATCH,2026-06-08 21:45:26,-6.70,83.70,watch_observation,watch_signals_not_opened_in_realistic_mode,none,,1.33424,1.33592,1.33206,,USD_STRONG,"30m strongest: BEARISH score=-7.5 | below_ema200,ema_bear_stack,rsi_bearish_balanced,htf_bearish,adx_trade_bonus",,2.0.0
2026-06-08T14:45:55.951676+00:00,blocked_trade,realistic_paper_mode,1d4b9aa4918c33b09b50,f97d9d75f200bd40,new_opportunity,forex,NZDCAD,,WAIT,WAIT,2026-06-08 21:45:26,-4.09,51.09,decision_not_allowed,decision_not_allowed,live_candle_close,0.8106300234794617,0.81043,0.81203,0.80855,,SYMBOL_SPECIFIC,"30m strongest: BEARISH score=-7.5 | below_ema200,ema_bear_stack,rsi_bearish_balanced,htf_bearish,adx_trade_bonus",0.0247,2.0.0
2026-06-08T14:45:55.951676+00:00,blocked_trade,realistic_paper_mode,4142fba01e20aba9ae84,e6b08a52138df197,new_opportunity,forex,NZDCHF,,WAIT,WAIT,2026-06-08 21:45:26,3.30,41.30,decision_not_allowed,decision_not_allowed,live_candle_close,0.4636400043964386,0.46372,nan,nan,,SYMBOL_SPECIFIC,"1h strongest: NEUTRAL score=4.0 | above_ema200,ema_bear_stack,macd_momentum_up,rsi_bullish_balanced,htf_bullish",0.0173,2.0.0
2026-06-08T14:45:55.951676+00:00,blocked_trade,realistic_paper_mode,1a0c0c8096b2b692828b,50a43d6737b57bc7,new_opportunity,forex,NZDJPY,,WAIT,WAIT,2026-06-08 21:45:26,-3.62,45.28,decision_not_allowed,decision_not_allowed,live_candle_close,93.1050033569336,93.09800,93.30748,92.83446,,SYMBOL_SPECIFIC,"30m strongest: BEARISH score=-7.5 | below_ema200,ema_bear_stack,rsi_bearish_balanced,htf_bearish,adx_trade_bonus",0.0075,2.0.0
2026-06-08T14:45:55.951676+00:00,observation_only,research_mode,808ed0b235150e8df3ad,0804ae653bab882c,new_opportunity,forex,NZDUSD,SHORT,BEARISH_WATCH,WATCH,2026-06-08 21:45:26,-5.50,68.75,watch_observation,watch_signals_not_opened_in_realistic_mode,none,,0.58163,0.58264,0.58033,,USD_STRONG,"30m strongest: BEARISH score=-7.5 | below_ema200,ema_bear_stack,rsi_bearish_balanced,htf_bearish,adx_trade_bonus",,2.0.0
2026-06-08T14:45:55.951676+00:00,blocked_trade,realistic_paper_mode,02e5a4bdb922ac69513b,148211899edf5b03,new_opportunity,forex,USDCAD,LONG,BULLISH_TRADE_READY,TRADE_READY,2026-06-08 21:45:26,7.17,89.67,portfolio_risk,portfolio_notional_cap,live_candle_close,1.3940000534057617,1.39400,1.39234,1.39617,,USD_STRONG,"30m strongest: BULLISH score=7.5 | above_ema200,ema_bull_stack,rsi_bullish_balanced,htf_bullish,adx_trade_bonus",0.0,2.0.0
2026-06-08T14:45:55.951676+00:00,observation_only,research_mode,6aa1c79936fea3fabab6,e56f96f48fb4382f,new_opportunity,forex,USDCHF,LONG,BULLISH_WATCH,WATCH,2026-06-08 21:45:26,6.85,85.60,watch_observation,watch_signals_not_opened_in_realistic_mode,none,,0.79748,0.79630,0.79900,,USD_STRONG,"30m strongest: BULLISH score=7.5 | above_ema200,ema_bull_stack,rsi_bullish_balanced,htf_bullish,adx_trade_bonus",,2.0.0
2026-06-08T14:45:55.951676+00:00,observation_only,research_mode,22fa4e5791a07f2fbed2,beec64cbc1358993,new_opportunity,forex,USDJPY,LONG,BULLISH_WATCH,WATCH,2026-06-08 21:45:26,6.59,82.42,watch_observation,watch_signals_not_opened_in_realistic_mode,none,,160.11800,159.92024,160.37030,,USD_STRONG,"1h strongest: BULLISH score=7.5 | above_ema200,ema_bull_stack,rsi_bullish_balanced,htf_bullish,adx_trade_bonus",,2.0.0
2026-06-08T14:45:55.951676+00:00,blocked_trade,realistic_paper_mode,857f535e31923b332a95,94a2ed53fa0719ca,new_opportunity,crypto,BTCUSD,,WAIT,WAIT,2026-06-08 21:45:55,-2.83,28.25,decision_not_allowed,decision_not_allowed,live_candle_close,63876.0,63849.80859,63446.01834,64403.15080,,CRYPTO_BTC,"15m strongest: BULLISH score=7 | above_ema200,ema_bull_stack,momentum_positive,trend_strength_bull,regime_range | weighted_score_neutral",0.041,2.0.0
2026-06-08T14:45:55.951676+00:00,blocked_trade,realistic_paper_mode,4568c6094deec1f71df1,af44e398c6b77b39,new_opportunity,crypto,ETHUSD,,WAIT,WAIT,2026-06-08 21:45:55,-3.65,36.50,no_executable_price,missing_live_or_candle_close_price,none,,1685.65002,1820.24484,1504.64321,,CRYPTO_ETH,"1d strongest: BEARISH score=-6 | below_ema200,ema_bear_stack,momentum_negative,trend_strength_bear,volume_confirmation,rsi_short_too_cold,regime_trend | weighted_score_neutral",,2.0.0
2026-06-08T14:45:55.951676+00:00,blocked_trade,realistic_paper_mode,bc018c7be6a27526bf7a,71008c739a6db134,new_opportunity,crypto,SOLUSD,,WAIT,WAIT,2026-06-08 21:45:55,-2.81,28.08,no_executable_price,missing_live_or_candle_close_price,none,,66.87000,73.46080,57.64289,,CRYPTO_SOLUSD,"1d strongest: BEARISH score=-5 | below_ema200,ema_bear_stack,momentum_negative,trend_strength_bear,rsi_short_too_cold,regime_trend | weighted_score_neutral",,2.0.0
2026-06-08T14:45:55.951676+00:00,observation_only,research_mode,97ece9c9dce933f15e64,eb738ecfc1638811,new_opportunity,crypto,BNBUSD,SHORT,BEARISH_WATCH,WATCH,2026-06-08 21:45:55,-4.67,46.67,watch_observation,watch_signals_not_opened_in_realistic_mode,none,,600.84998,640.70910,548.62078,,CRYPTO_BNBUSD,"1d strongest: BEARISH score=-7 | below_ema200,ema_bear_stack,momentum_negative,trend_strength_bear,regime_trend | short_disabled_crypto_long_bias",,2.0.0
2026-06-08T14:45:55.951676+00:00,blocked_trade,realistic_paper_mode,9952c119e25515b94363,d3777f608f732431,new_opportunity,crypto,XRPUSD,,WAIT,WAIT,2026-06-08 21:45:55,-2.51,25.08,decision_not_allowed,decision_not_allowed,live_candle_close,1.1663999557495117,1.16670,1.15415,1.18434,,CRYPTO_XRPUSD,"15m strongest: BULLISH score=6 | above_ema200,ema_bull_stack,momentum_positive,regime_range | weighted_score_neutral",0.0257,2.0.0
2026-06-08T15:16:53.853448+00:00,blocked_trade,realistic_paper_mode,5f979915c6f72d92b35a,bf90254211520da1,new_opportunity,forex,AUDCAD,,WAIT,WAIT,2026-06-08 22:16:34,-4.05,50.57,decision_not_allowed,decision_not_allowed,live_candle_close,0.9840599894523621,0.98411,0.98662,0.98123,,SYMBOL_SPECIFIC,"30m strongest: BEARISH score=-7.0 | below_ema200,ema_bear_stack,rsi_bearish_balanced,htf_bearish",0.0051,2.0.0
2026-06-08T15:16:53.853448+00:00,blocked_trade,realistic_paper_mode,f00fa5f13fda9e5df6a9,ddc7b67b110ac81e,new_opportunity,forex,AUDCHF,,WAIT,WAIT,2026-06-08 22:16:34,0.42,5.26,decision_not_allowed,decision_not_allowed,live_candle_close,0.5624300241470337,0.56246,0.56406,0.56063,,SYMBOL_SPECIFIC,"30m strongest: BEARISH score=-6.5 | below_ema200,macd_momentum_down,rsi_bearish_balanced,htf_bearish,adx_trade_bonus",0.0053,2.0.0
2026-06-08T15:16:53.853448+00:00,observation_only,research_mode,aabe4049ae5f1634241a,79703f06981f1ed3,new_opportunity,forex,AUDJPY,SHORT,BEARISH_WATCH,WATCH,2026-06-08 22:16:34,-4.31,53.86,watch_observation,watch_signals_not_opened_in_realistic_mode,none,,112.98900,113.21034,112.69896,,SYMBOL_SPECIFIC,"30m strongest: BEARISH score=-7.5 | below_ema200,ema_bear_stack,rsi_bearish_balanced,htf_bearish,adx_trade_bonus",,2.0.0
2026-06-08T15:16:53.853448+00:00,blocked_trade,realistic_paper_mode,e298f7102d48bb5b4cf6,80d46325d5366c73,new_opportunity,forex,AUDNZD,,WAIT,WAIT,2026-06-08 22:16:34,-4.28,53.47,decision_not_allowed,decision_not_allowed,live_candle_close,1.212499976158142,1.21254,1.21409,1.21075,,SYMBOL_SPECIFIC,"1h strongest: BEARISH score=-5.5 | below_ema200,macd_momentum_down,htf_bearish,adx_trade_bonus",0.0033,2.0.0
2026-06-08T15:16:53.853448+00:00,observation_only,research_mode,21a1ec90fc0cd511cd48,c8c50b1221e31ef1,new_opportunity,forex,AUDUSD,SHORT,BEARISH_WATCH,WATCH,2026-06-08 22:16:34,-5.80,72.55,watch_observation,watch_signals_not_opened_in_realistic_mode,none,,0.70611,0.70719,0.70465,,USD_STRONG,"30m strongest: BEARISH score=-7.5 | below_ema200,ema_bear_stack,rsi_bearish_balanced,htf_bearish,adx_trade_bonus",,2.0.0
2026-06-08T15:16:53.853448+00:00,blocked_trade,realistic_paper_mode,937f1cb7a1974fe80a00,d9b3efc14d1a1de6,new_opportunity,forex,CADCHF,,WAIT,WAIT,2026-06-08 22:16:34,4.62,57.78,decision_not_allowed,decision_not_allowed,live_candle_close,0.5715199708938599,0.57155,0.57010,0.57329,,SYMBOL_SPECIFIC,"30m strongest: BULLISH score=7.5 | above_ema200,ema_bull_stack,rsi_bullish_balanced,htf_bullish,adx_trade_bonus",0.0053,2.0.0
2026-06-08T15:16:53.853448+00:00,blocked_trade,realistic_paper_mode,b7b8ac957fb4f4374281,2d2708889f01e950,new_opportunity,forex,CADJPY,SHORT,BEARISH_TRADE_READY,TRADE_READY,2026-06-08 22:16:34,-7.31,91.41,regime_gate,SKIP_REGIME_UNKNOWN_OR_NOT_ALLOWED,live_candle_close,114.80400085449219,114.81000,114.98404,114.58194,,SYMBOL_SPECIFIC,"1h strongest: BEARISH score=-7.5 | below_ema200,ema_bear_stack,rsi_bearish_balanced,htf_bearish,adx_trade_bonus",0.0052,2.0.0
2026-06-08T15:16:53.853448+00:00,blocked_trade,realistic_paper_mode,378d34cd8395c8f128e5,47fb1f4571be9c35,new_opportunity,forex,CHFJPY,,WAIT,WAIT,2026-06-08 22:16:34,-4.06,50.78,decision_not_allowed,decision_not_allowed,live_candle_close,200.83900451660156,200.86501,201.16760,200.48676,,SYMBOL_SPECIFIC,"30m strongest: BEARISH score=-7.5 | below_ema200,ema_bear_stack,rsi_bearish_balanced,htf_bearish,adx_trade_bonus",0.0129,2.0.0
2026-06-08T15:16:53.853448+00:00,observation_only,research_mode,4ec7095854801314c9b1,e0700df43813f09b,new_opportunity,forex,EURAUD,LONG,BULLISH_WATCH,WATCH,2026-06-08 22:16:34,4.72,58.97,watch_observation,watch_signals_not_opened_in_realistic_mode,none,,1.63554,1.63296,1.63876,,SYMBOL_SPECIFIC,"30m strongest: BULLISH score=8.5 | above_ema200,ema_bull_stack,macd_momentum_up,rsi_bullish_balanced,htf_bullish,adx_trade_bonus",,2.0.0
2026-06-08T15:16:53.853448+00:00,observation_only,research_mode,c5599c9ce10b2a9661e2,fd08e21955f0ba66,new_opportunity,forex,EURCAD,LONG,BULLISH_WATCH,WATCH,2026-06-08 22:16:34,5.70,71.20,watch_observation,watch_signals_not_opened_in_realistic_mode,none,,1.60972,1.60573,1.61459,,SYMBOL_SPECIFIC,"4h strongest: BULLISH score=7.5 | above_ema200,ema_bull_stack,rsi_bullish_balanced,htf_bullish,adx_trade_bonus",,2.0.0
2026-06-08T15:16:53.853448+00:00,observation_only,research_mode,5d18b29838bc57536c35,202f5697e611f82a,new_opportunity,forex,EURCHF,LONG,BULLISH_WATCH,WATCH,2026-06-08 22:16:34,6.37,79.62,watch_observation,watch_signals_not_opened_in_realistic_mode,none,,0.92005,0.91898,0.92131,,SYMBOL_SPECIFIC,"30m strongest: BULLISH score=7.5 | above_ema200,ema_bull_stack,macd_momentum_up,htf_bullish,adx_trade_bonus",,2.0.0
2026-06-08T15:16:53.853448+00:00,blocked_trade,realistic_paper_mode,7034e119c74829633c6d,c4348d04831b450a,new_opportunity,forex,EURGBP,,WAIT,WAIT,2026-06-08 22:16:34,-1.72,21.47,decision_not_allowed,decision_not_allowed,live_candle_close,0.8649200201034546,0.86495,nan,nan,,SYMBOL_SPECIFIC,"4h strongest: NEUTRAL score=-4.0 | below_ema200,ema_bear_stack,macd_momentum_up,rsi_bearish_balanced",0.0035,2.0.0
2026-06-08T15:16:53.853448+00:00,blocked_trade,realistic_paper_mode,71e15dff6e4323d6a830,2181f5c902762ef6,new_opportunity,forex,EURJPY,,WAIT,WAIT,2026-06-08 22:16:34,-3.94,49.22,decision_not_allowed,decision_not_allowed,live_candle_close,184.7989959716797,184.82600,185.04181,184.54323,,SYMBOL_SPECIFIC,"30m strongest: BEARISH score=-5.5 | below_ema200,ema_bear_stack,macd_momentum_up,htf_bearish,adx_trade_bonus",0.0146,2.0.0
2026-06-08T15:16:53.853448+00:00,blocked_trade,realistic_paper_mode,f0a6a6faa28530d705f5,fe4a8679511934e4,new_opportunity,forex,EURNZD,,WAIT,WAIT,2026-06-08 22:16:34,3.81,47.61,decision_not_allowed,decision_not_allowed,live_candle_close,1.9833099842071533,1.98340,1.98006,1.98752,,SYMBOL_SPECIFIC,"30m strongest: BULLISH score=6.5 | above_ema200,macd_momentum_up,rsi_bullish_balanced,htf_bullish,adx_trade_bonus",0.0045,2.0.0
2026-06-08T15:16:53.853448+00:00,blocked_trade,realistic_paper_mode,828a10e71014e58066d8,7cb6c5103f7bb55a,new_opportunity,forex,EURUSD,SHORT,BEARISH_TRADE_READY,TRADE_READY,2026-06-08 22:16:34,-6.72,83.97,portfolio_risk,portfolio_notional_cap,live_candle_close,1.1548677682876587,1.15487,1.15771,1.15097,,USD_STRONG,"4h strongest: BEARISH score=-7.5 | below_ema200,ema_bear_stack,rsi_bearish_balanced,htf_bearish,adx_trade_bonus",0.0002,2.0.0
2026-06-08T15:16:53.853448+00:00,blocked_trade,realistic_paper_mode,34bbf7e5ee339e69ea76,8f50f7121d292f82,new_opportunity,forex,GBPAUD,,WAIT,WAIT,2026-06-08 22:16:34,4.68,58.51,decision_not_allowed,decision_not_allowed,live_candle_close,1.8909900188446045,1.89089,1.88789,1.89457,,SYMBOL_SPECIFIC,"30m strongest: BULLISH score=8.5 | above_ema200,ema_bull_stack,macd_momentum_up,rsi_bullish_balanced,htf_bullish,adx_trade_bonus",0.0053,2.0.0
2026-06-08T15:16:53.853448+00:00,blocked_trade,realistic_paper_mode,3586ae6749cc901496ad,87f83de92c19ecbc,new_opportunity,forex,GBPCAD,,WAIT,WAIT,2026-06-08 22:16:34,4.52,56.52,decision_not_allowed,decision_not_allowed,live_candle_close,1.8608200550079346,1.86107,1.85799,1.86486,,SYMBOL_SPECIFIC,"1h strongest: BULLISH score=6.5 | above_ema200,macd_momentum_up,rsi_bullish_balanced,htf_bullish,adx_trade_bonus",0.0134,2.0.0
2026-06-08T15:16:53.853448+00:00,observation_only,research_mode,8b788fad46d29ad72b0a,3b3999a3639256aa,new_opportunity,forex,GBPCHF,LONG,BULLISH_WATCH,WATCH,2026-06-08 22:16:34,6.39,79.92,watch_observation,watch_signals_not_opened_in_realistic_mode,none,,1.06368,1.06173,1.06603,,SYMBOL_SPECIFIC,"1h strongest: BULLISH score=7.5 | above_ema200,ema_bull_stack,rsi_bullish_balanced,htf_bullish,adx_trade_bonus",,2.0.0
2026-06-08T15:16:53.853448+00:00,observation_only,research_mode,7bf7a36a4f1f5921c93b,2f8c3e9027dff8dd,new_opportunity,forex,GBPJPY,SHORT,BEARISH_WATCH,WATCH,2026-06-08 22:16:34,-4.45,55.62,watch_observation,watch_signals_not_opened_in_realistic_mode,none,,213.66299,214.00850,213.23373,,SYMBOL_SPECIFIC,"30m strongest: BEARISH score=-6.5 | below_ema200,ema_bear_stack,macd_momentum_up,rsi_bearish_balanced,htf_bearish,adx_trade_bonus",,2.0.0
2026-06-08T15:16:53.853448+00:00,blocked_trade,realistic_paper_mode,55db04474da4c1c9969b,57452354feb5b61b,new_opportunity,forex,GBPNZD,,WAIT,WAIT,2026-06-08 22:16:34,3.09,38.67,decision_not_allowed,decision_not_allowed,live_candle_close,2.293100118637085,2.29299,2.28811,2.29887,,SYMBOL_SPECIFIC,"30m strongest: BULLISH score=5.5 | above_ema200,macd_momentum_up,htf_bullish,adx_trade_bonus",0.0048,2.0.0
2026-06-08T15:16:53.853448+00:00,observation_only,research_mode,c9724320d95f7c9c7b43,890077af698a795a,new_opportunity,forex,GBPUSD,SHORT,BEARISH_WATCH,WATCH,2026-06-08 22:16:34,-6.70,83.70,watch_observation,watch_signals_not_opened_in_realistic_mode,none,,1.33472,1.33635,1.33261,,USD_STRONG,"30m strongest: BEARISH score=-7.5 | below_ema200,ema_bear_stack,rsi_bearish_balanced,htf_bearish,adx_trade_bonus",,2.0.0
2026-06-08T15:16:53.853448+00:00,blocked_trade,realistic_paper_mode,ffd236be470a340d4bc6,e63bd7d0893f5732,new_opportunity,forex,NZDCAD,,WAIT,WAIT,2026-06-08 22:16:34,-1.30,16.30,decision_not_allowed,decision_not_allowed,live_candle_close,0.8113999962806702,0.81155,0.81317,0.80965,,SYMBOL_SPECIFIC,"30m strongest: BEARISH score=-6.5 | below_ema200,ema_bear_stack,htf_bearish,adx_trade_bonus",0.0185,2.0.0
2026-06-08T15:16:53.853448+00:00,blocked_trade,realistic_paper_mode,9a69cd40c8928fb04b09,8beda81ee1cf54eb,new_opportunity,forex,NZDCHF,,WAIT,WAIT,2026-06-08 22:16:34,3.65,45.65,decision_not_allowed,decision_not_allowed,live_candle_close,0.46378999948501587,0.46381,nan,nan,,SYMBOL_SPECIFIC,"1h strongest: NEUTRAL score=4.0 | above_ema200,ema_bear_stack,macd_momentum_up,rsi_bullish_balanced,htf_bullish",0.0043,2.0.0
2026-06-08T15:16:53.853448+00:00,blocked_trade,realistic_paper_mode,72f47d9d509eb1e265fd,3d0eb56a3353a9ee,new_opportunity,forex,NZDJPY,,WAIT,WAIT,2026-06-08 22:16:34,-3.62,45.28,decision_not_allowed,decision_not_allowed,live_candle_close,93.15299987792969,93.16500,93.37147,92.90524,,SYMBOL_SPECIFIC,"30m strongest: BEARISH score=-7.5 | below_ema200,ema_bear_stack,rsi_bearish_balanced,htf_bearish,adx_trade_bonus",0.0129,2.0.0
2026-06-08T15:16:53.853448+00:00,observation_only,research_mode,cd38aefca9eb4a8d30d0,94a2b0c9b8685cd2,new_opportunity,forex,NZDUSD,SHORT,BEARISH_WATCH,WATCH,2026-06-08 22:16:34,-6.22,77.72,watch_observation,watch_signals_not_opened_in_realistic_mode,none,,0.58228,0.58328,0.58097,,USD_STRONG,"30m strongest: BEARISH score=-7.5 | below_ema200,ema_bear_stack,rsi_bearish_balanced,htf_bearish,adx_trade_bonus",,2.0.0
2026-06-08T15:16:53.853448+00:00,blocked_trade,realistic_paper_mode,0f103bbbee9f8a71b60a,fd020cfee7cc971b,new_opportunity,forex,USDCAD,LONG,BULLISH_TRADE_READY,TRADE_READY,2026-06-08 22:16:34,7.17,89.67,portfolio_risk,portfolio_notional_cap,live_candle_close,1.3944499492645264,1.39432,1.39265,1.39650,,USD_STRONG,"30m strongest: BULLISH score=7.5 | above_ema200,ema_bull_stack,rsi_bullish_balanced,htf_bullish,adx_trade_bonus",0.0093,2.0.0
2026-06-08T15:16:53.853448+00:00,blocked_trade,realistic_paper_mode,3b237f77e578c04f0092,9fe32a88b8f1070c,new_opportunity,forex,USDCHF,LONG,BULLISH_TRADE_READY,TRADE_READY,2026-06-08 22:16:34,7.17,89.67,portfolio_risk,portfolio_notional_cap,live_candle_close,0.7969800233840942,0.79703,0.79585,0.79854,,USD_STRONG,"30m strongest: BULLISH score=7.5 | above_ema200,ema_bull_stack,rsi_bullish_balanced,htf_bullish,adx_trade_bonus",0.0063,2.0.0
2026-06-08T15:16:53.853448+00:00,observation_only,research_mode,1306f5352a30ecabd1a6,394125efd441a147,new_opportunity,forex,USDJPY,LONG,BULLISH_WATCH,WATCH,2026-06-08 22:16:34,6.59,82.42,watch_observation,watch_signals_not_opened_in_realistic_mode,none,,160.08501,159.89402,160.32867,,USD_STRONG,"1h strongest: BULLISH score=7.5 | above_ema200,ema_bull_stack,rsi_bullish_balanced,htf_bullish,adx_trade_bonus",,2.0.0
2026-06-08T15:16:53.853448+00:00,blocked_trade,realistic_paper_mode,bdd70f8a2117fc48e9ce,44736bd53403ae29,new_opportunity,crypto,BTCUSD,,WAIT,WAIT,2026-06-08 22:16:53,-2.83,28.25,excessive_drift,entry_price_drift_above_limit,live_candle_close,63992.73828125,64031.41016,63620.75174,64594.16428,,CRYPTO_BTC,"15m strongest: BULLISH score=7 | above_ema200,ema_bull_stack,momentum_positive,trend_strength_bull,regime_range | weighted_score_neutral",0.0604,2.0.0
2026-06-08T15:16:53.853448+00:00,blocked_trade,realistic_paper_mode,3ad9cafbd04f8bac52fe,2f25408b0d9d22de,new_opportunity,crypto,ETHUSD,,WAIT,WAIT,2026-06-08 22:16:53,-2.90,29.00,excessive_drift,entry_price_drift_above_limit,live_candle_close,1696.1300048828125,1697.79004,1683.46107,1717.06004,,CRYPTO_ETH,"15m strongest: BULLISH score=6 | above_ema200,ema_bull_stack,momentum_positive,regime_range | weighted_score_neutral",0.0978,2.0.0
2026-06-08T15:16:53.853448+00:00,blocked_trade,realistic_paper_mode,a2591755f44a2f92e80c,166c3dfaede46527,new_opportunity,crypto,SOLUSD,,WAIT,WAIT,2026-06-08 22:16:53,-2.51,25.08,excessive_drift,entry_price_drift_above_limit,live_candle_close,67.4800033569336,67.58000,66.86327,68.58343,,CRYPTO_SOLUSD,"15m strongest: BULLISH score=6 | above_ema200,ema_bull_stack,momentum_positive,regime_range | weighted_score_neutral",0.148,2.0.0
2026-06-08T15:16:53.853448+00:00,blocked_trade,realistic_paper_mode,266268018d92b20052ce,9c424bacb70f00ab,new_opportunity,crypto,BNBUSD,,WAIT,WAIT,2026-06-08 22:16:53,-3.69,36.92,no_executable_price,missing_live_or_candle_close_price,none,,604.46002,644.31915,552.23082,,CRYPTO_BNBUSD,"1d strongest: BEARISH score=-7 | below_ema200,ema_bear_stack,momentum_negative,trend_strength_bear,regime_trend | weighted_score_neutral",,2.0.0
2026-06-08T15:16:53.853448+00:00,blocked_trade,realistic_paper_mode,cc60ec7ed78f989d8375,3cf0bc7a8cb65d09,new_opportunity,crypto,XRPUSD,,WAIT,WAIT,2026-06-08 22:16:53,-3.83,38.33,no_executable_price,missing_live_or_candle_close_price,none,,1.17830,1.27902,1.03675,,CRYPTO_XRPUSD,"1d strongest: BEARISH score=-8 | below_ema200,ema_bear_stack,momentum_negative,trend_strength_bear,volume_confirmation,regime_trend | weighted_score_neutral",,2.0.0
2026-06-08T16:03:59.486774+00:00,blocked_trade,realistic_paper_mode,c071c1972ad807f1ca1c,71b553dcfa7f6448,new_opportunity,forex,AUDCAD,,WAIT,WAIT,2026-06-08 23:03:29,-4.23,52.84,decision_not_allowed,decision_not_allowed,live_candle_close,0.9840999841690063,0.98385,0.98620,0.98115,,SYMBOL_SPECIFIC,"30m strongest: BEARISH score=-8.0 | below_ema200,ema_bear_stack,macd_momentum_down,rsi_bearish_balanced,htf_bearish",0.0254,2.0.0
2026-06-08T16:03:59.486774+00:00,blocked_trade,realistic_paper_mode,4d090bce159dd1e3f6eb,e23c37f3dfc09d72,new_opportunity,forex,AUDCHF,,WAIT,WAIT,2026-06-08 23:03:29,0.69,8.66,decision_not_allowed,decision_not_allowed,live_candle_close,0.5623700022697449,0.56232,0.55960,0.56544,,SYMBOL_SPECIFIC,"4h strongest: BULLISH score=5.5 | above_ema200,rsi_bullish_balanced,htf_bullish,adx_trade_bonus",0.0089,2.0.0
2026-06-08T16:03:59.486774+00:00,observation_only,research_mode,c0e58efc95f1d4010c25,fbf3c7d8339aaec2,new_opportunity,forex,AUDJPY,SHORT,BEARISH_WATCH,WATCH,2026-06-08 23:03:29,-4.61,57.58,watch_observation,watch_signals_not_opened_in_realistic_mode,none,,112.91700,113.12594,112.64321,,SYMBOL_SPECIFIC,"30m strongest: BEARISH score=-7.5 | below_ema200,ema_bear_stack,rsi_bearish_balanced,htf_bearish,adx_trade_bonus",,2.0.0
2026-06-08T16:03:59.486774+00:00,blocked_trade,realistic_paper_mode,e72b7a64e8107a322fb7,9b96c2087df62218,new_opportunity,forex,AUDNZD,,WAIT,WAIT,2026-06-08 23:03:29,-4.28,53.47,decision_not_allowed,decision_not_allowed,live_candle_close,1.2126400470733643,1.21266,1.21415,1.21093,,SYMBOL_SPECIFIC,"1h strongest: BEARISH score=-5.5 | below_ema200,macd_momentum_down,htf_bearish,adx_trade_bonus",0.0016,2.0.0
2026-06-08T16:03:59.486774+00:00,blocked_trade,realistic_paper_mode,d7c7555c313bcaaf2f0a,5a4b71d553917d40,new_opportunity,forex,AUDUSD,SHORT,BEARISH_TRADE_READY,TRADE_READY,2026-06-08 23:03:29,-6.80,85.05,portfolio_risk,portfolio_notional_cap,live_candle_close,0.7057162523269653,0.70552,0.70653,0.70414,,USD_STRONG,"30m strongest: BEARISH score=-8.5 | below_ema200,ema_bear_stack,macd_momentum_down,rsi_bearish_balanced,htf_bearish,adx_trade_bonus",0.0278,2.0.0
2026-06-08T16:03:59.486774+00:00,blocked_trade,realistic_paper_mode,7fa87908947d4f41017b,6d4dcb33e688ae3b,new_opportunity,forex,CADCHF,,WAIT,WAIT,2026-06-08 23:03:29,4.62,57.78,decision_not_allowed,decision_not_allowed,live_candle_close,0.5714600086212158,0.57139,0.56996,0.57310,,SYMBOL_SPECIFIC,"30m strongest: BULLISH score=7.5 | above_ema200,ema_bull_stack,rsi_bullish_balanced,htf_bullish,adx_trade_bonus",0.0123,2.0.0
2026-06-08T16:03:59.486774+00:00,blocked_trade,realistic_paper_mode,f9b30b432bc41747f5b7,6bcccabce5074435,new_opportunity,forex,CADJPY,SHORT,BEARISH_TRADE_READY,TRADE_READY,2026-06-08 23:03:29,-7.81,97.66,regime_gate,SKIP_REGIME_UNKNOWN_OR_NOT_ALLOWED,live_candle_close,114.76100158691406,114.74800,114.91808,114.52514,,SYMBOL_SPECIFIC,"1h strongest: BEARISH score=-8.5 | below_ema200,ema_bear_stack,macd_momentum_down,rsi_bearish_balanced,htf_bearish,adx_trade_bonus",0.0113,2.0.0
2026-06-08T16:03:59.486774+00:00,blocked_trade,realistic_paper_mode,4653d4af0b76a54faf00,cb4e09f2992b852a,new_opportunity,forex,CHFJPY,,WAIT,WAIT,2026-06-08 23:03:29,-3.75,46.88,decision_not_allowed,decision_not_allowed,live_candle_close,200.79400634765625,200.79300,201.07230,200.44388,,SYMBOL_SPECIFIC,"30m strongest: BEARISH score=-7.5 | below_ema200,ema_bear_stack,rsi_bearish_balanced,htf_bearish,adx_trade_bonus",0.0005,2.0.0
2026-06-08T16:03:59.486774+00:00,observation_only,research_mode,b9d7e4d0e1851684b45a,20e0ce9756bce457,new_opportunity,forex,EURAUD,LONG,BULLISH_WATCH,WATCH,2026-06-08 23:03:29,5.02,62.77,watch_observation,watch_signals_not_opened_in_realistic_mode,none,,1.63648,1.63402,1.63956,,SYMBOL_SPECIFIC,"30m strongest: BULLISH score=8.5 | above_ema200,ema_bull_stack,macd_momentum_up,rsi_bullish_balanced,htf_bullish,adx_trade_bonus",,2.0.0
2026-06-08T16:03:59.486774+00:00,observation_only,research_mode,a4e7cb903d0756b8fc69,008c90f69aa923be,new_opportunity,forex,EURCAD,LONG,BULLISH_WATCH,WATCH,2026-06-08 23:03:29,6.39,79.89,watch_observation,watch_signals_not_opened_in_realistic_mode,none,,1.61050,1.60643,1.61548,,SYMBOL_SPECIFIC,"4h strongest: BULLISH score=7.5 | above_ema200,ema_bull_stack,rsi_bullish_balanced,htf_bullish,adx_trade_bonus",,2.0.0
2026-06-08T16:03:59.486774+00:00,observation_only,research_mode,66a744565aca5e3a5ab2,669e2f26bdd94937,new_opportunity,forex,EURCHF,LONG,BULLISH_WATCH,WATCH,2026-06-08 23:03:29,6.37,79.62,watch_observation,watch_signals_not_opened_in_realistic_mode,none,,0.92030,0.91925,0.92153,,SYMBOL_SPECIFIC,"30m strongest: BULLISH score=7.5 | above_ema200,ema_bull_stack,macd_momentum_up,htf_bullish,adx_trade_bonus",,2.0.0
2026-06-08T16:03:59.486774+00:00,blocked_trade,realistic_paper_mode,1448bf456b1fd0249160,2a89314a178f0f1d,new_opportunity,forex,EURGBP,,WAIT,WAIT,2026-06-08 23:03:29,-1.72,21.47,decision_not_allowed,decision_not_allowed,live_candle_close,0.8649299740791321,0.86494,nan,nan,,SYMBOL_SPECIFIC,"4h strongest: NEUTRAL score=-4.0 | below_ema200,ema_bear_stack,macd_momentum_up,rsi_bearish_balanced",0.0012,2.0.0
2026-06-08T16:03:59.486774+00:00,blocked_trade,realistic_paper_mode,310a60f960246611705e,7d37b5258b78504e,new_opportunity,forex,EURJPY,,WAIT,WAIT,2026-06-08 23:03:29,-3.94,49.22,decision_not_allowed,decision_not_allowed,live_candle_close,184.822998046875,184.82700,185.03103,184.55964,,SYMBOL_SPECIFIC,"30m strongest: BEARISH score=-5.5 | below_ema200,ema_bear_stack,macd_momentum_up,htf_bearish,adx_trade_bonus",0.0022,2.0.0
2026-06-08T16:03:59.486774+00:00,blocked_trade,realistic_paper_mode,d13145de25c31ba14cf9,282287cea05c9b60,new_opportunity,forex,EURNZD,,WAIT,WAIT,2026-06-08 23:03:29,3.81,47.61,decision_not_allowed,decision_not_allowed,live_candle_close,1.9843800067901611,1.98460,1.98148,1.98844,,SYMBOL_SPECIFIC,"30m strongest: BULLISH score=6.5 | above_ema200,macd_momentum_up,rsi_bullish_balanced,htf_bullish,adx_trade_bonus",0.0111,2.0.0
2026-06-08T16:03:59.486774+00:00,blocked_trade,realistic_paper_mode,a81a59a2b5d26131128c,b2f27a9c48bd2cca,new_opportunity,forex,EURUSD,SHORT,BEARISH_TRADE_READY,TRADE_READY,2026-06-08 23:03:29,-6.93,86.68,portfolio_risk,portfolio_notional_cap,live_candle_close,1.1548677682876587,1.15473,1.15757,1.15083,,USD_STRONG,"4h strongest: BEARISH score=-7.5 | below_ema200,ema_bear_stack,rsi_bearish_balanced,htf_bearish,adx_trade_bonus",0.0119,2.0.0
2026-06-08T16:03:59.486774+00:00,blocked_trade,realistic_paper_mode,fc31e8a2fc3103ad5d34,8400b5638a2af183,new_opportunity,forex,GBPAUD,,WAIT,WAIT,2026-06-08 23:03:29,4.60,57.45,decision_not_allowed,decision_not_allowed,live_candle_close,1.8917800188064575,1.89180,1.88893,1.89532,,SYMBOL_SPECIFIC,"30m strongest: BULLISH score=8.0 | above_ema200,ema_bull_stack,macd_momentum_up,rsi_bullish_balanced,htf_bullish",0.0011,2.0.0
2026-06-08T16:03:59.486774+00:00,blocked_trade,realistic_paper_mode,3481c3dc83ee0b8a8509,133fee6a57864384,new_opportunity,forex,GBPCAD,,WAIT,WAIT,2026-06-08 23:03:29,4.69,58.64,decision_not_allowed,decision_not_allowed,live_candle_close,1.8618700504302979,1.86186,1.85885,1.86557,,SYMBOL_SPECIFIC,"1h strongest: BULLISH score=6.5 | above_ema200,macd_momentum_up,rsi_bullish_balanced,htf_bullish,adx_trade_bonus",0.0005,2.0.0
2026-06-08T16:03:59.486774+00:00,observation_only,research_mode,955fddc5f7a625e0b6e0,8a93546821cdda6e,new_opportunity,forex,GBPCHF,LONG,BULLISH_WATCH,WATCH,2026-06-08 23:03:29,6.56,82.05,watch_observation,watch_signals_not_opened_in_realistic_mode,none,,1.06390,1.06228,1.06585,,SYMBOL_SPECIFIC,"30m strongest: BULLISH score=8.0 | above_ema200,ema_bull_stack,macd_momentum_up,rsi_bullish_balanced,htf_bullish",,2.0.0
2026-06-08T16:03:59.486774+00:00,observation_only,research_mode,cd56740469b9d9b7e0bb,f50937c5e310a0bf,new_opportunity,forex,GBPJPY,SHORT,BEARISH_WATCH,WATCH,2026-06-08 23:03:29,-4.63,57.88,watch_observation,watch_signals_not_opened_in_realistic_mode,none,,213.68500,214.01094,213.28004,,SYMBOL_SPECIFIC,"30m strongest: BEARISH score=-7.5 | below_ema200,ema_bear_stack,rsi_bearish_balanced,htf_bearish,adx_trade_bonus",,2.0.0
2026-06-08T16:03:59.486774+00:00,blocked_trade,realistic_paper_mode,fa01e864d013b46ba66f,adaaeab30829fbb4,new_opportunity,forex,GBPNZD,,WAIT,WAIT,2026-06-08 23:03:29,3.68,45.96,decision_not_allowed,decision_not_allowed,live_candle_close,2.293989896774292,2.29420,2.28954,2.29982,,SYMBOL_SPECIFIC,"30m strongest: BULLISH score=6.5 | above_ema200,macd_momentum_up,rsi_bullish_balanced,htf_bullish,adx_trade_bonus",0.0092,2.0.0
2026-06-08T16:03:59.486774+00:00,observation_only,research_mode,aa169ed4cf71e0ff5059,79849775eee0bbef,new_opportunity,forex,GBPUSD,SHORT,BEARISH_WATCH,WATCH,2026-06-08 23:03:29,-6.70,83.70,watch_observation,watch_signals_not_opened_in_realistic_mode,none,,1.33463,1.33621,1.33259,,USD_STRONG,"30m strongest: BEARISH score=-7.5 | below_ema200,ema_bear_stack,rsi_bearish_balanced,htf_bearish,adx_trade_bonus",,2.0.0
2026-06-08T16:03:59.486774+00:00,blocked_trade,realistic_paper_mode,79942f7b1e34b6dabf11,7148ea36b4c3de75,new_opportunity,forex,NZDCAD,,WAIT,WAIT,2026-06-08 23:03:29,-1.30,16.30,decision_not_allowed,decision_not_allowed,live_candle_close,0.8114399909973145,0.81142,0.81295,0.80962,,SYMBOL_SPECIFIC,"30m strongest: BEARISH score=-6.5 | below_ema200,ema_bear_stack,htf_bearish,adx_trade_bonus",0.0025,2.0.0
2026-06-08T16:03:59.486774+00:00,blocked_trade,realistic_paper_mode,38a708c7e24482bf177b,7d8dd2e688c96b22,new_opportunity,forex,NZDCHF,,WAIT,WAIT,2026-06-08 23:03:29,1.96,24.46,decision_not_allowed,decision_not_allowed,live_candle_close,0.4637500047683716,0.46367,nan,nan,,SYMBOL_SPECIFIC,"4h strongest: NEUTRAL score=4.0 | above_ema200,macd_momentum_up,rsi_bullish_balanced",0.0173,2.0.0
2026-06-08T16:03:59.486774+00:00,blocked_trade,realistic_paper_mode,4919920cab50017073fb,98ea7b33c00802eb,new_opportunity,forex,NZDJPY,,WAIT,WAIT,2026-06-08 23:03:29,-3.62,45.28,decision_not_allowed,decision_not_allowed,live_candle_close,93.1259994506836,93.13000,93.32407,92.88584,,SYMBOL_SPECIFIC,"30m strongest: BEARISH score=-7.5 | below_ema200,ema_bear_stack,rsi_bearish_balanced,htf_bearish,adx_trade_bonus",0.0043,2.0.0
2026-06-08T16:03:59.486774+00:00,observation_only,research_mode,4b2f27216461511f2ecb,60572c18192ba592,new_opportunity,forex,NZDUSD,SHORT,BEARISH_WATCH,WATCH,2026-06-08 23:03:29,-5.70,71.20,watch_observation,watch_signals_not_opened_in_realistic_mode,none,,0.58187,0.58282,0.58064,,USD_STRONG,"30m strongest: BEARISH score=-8.5 | below_ema200,ema_bear_stack,macd_momentum_down,rsi_bearish_balanced,htf_bearish,adx_trade_bonus",,2.0.0
2026-06-08T16:03:59.486774+00:00,blocked_trade,realistic_paper_mode,27585f8b8ed0445c1955,0fd198c06ea3514f,new_opportunity,forex,USDCAD,LONG,BULLISH_TRADE_READY,TRADE_READY,2026-06-08 23:03:29,7.70,96.20,portfolio_risk,portfolio_notional_cap,live_candle_close,1.395169973373413,1.39480,1.39319,1.39691,,USD_STRONG,"30m strongest: BULLISH score=8.5 | above_ema200,ema_bull_stack,macd_momentum_up,rsi_bullish_balanced,htf_bullish,adx_trade_bonus",0.0265,2.0.0
2026-06-08T16:03:59.486774+00:00,blocked_trade,realistic_paper_mode,3ff5522a6779912c4a68,08ba4edb2f85f1b6,new_opportunity,forex,USDCHF,LONG,BULLISH_TRADE_READY,TRADE_READY,2026-06-08 23:03:29,7.17,89.67,portfolio_risk,portfolio_notional_cap,live_candle_close,0.7972699999809265,0.79720,0.79610,0.79861,,USD_STRONG,"30m strongest: BULLISH score=7.5 | above_ema200,ema_bull_stack,rsi_bullish_balanced,htf_bullish,adx_trade_bonus",0.0088,2.0.0
2026-06-08T16:03:59.486774+00:00,observation_only,research_mode,4ecf44689f73ac7c9eb2,02dcb19923353080,new_opportunity,forex,USDJPY,LONG,BULLISH_WATCH,WATCH,2026-06-08 23:03:29,6.59,82.42,watch_observation,watch_signals_not_opened_in_realistic_mode,none,,160.10600,159.92148,160.34143,,USD_STRONG,"1h strongest: BULLISH score=7.5 | above_ema200,ema_bull_stack,rsi_bullish_balanced,htf_bullish,adx_trade_bonus",,2.0.0
2026-06-08T16:03:59.486774+00:00,blocked_trade,realistic_paper_mode,889785f698f1adf0ea35,cda6b21004383b3e,new_opportunity,crypto,BTCUSD,,WAIT,WAIT,2026-06-08 23:03:58,-2.98,29.75,no_executable_price,missing_live_or_candle_close_price,none,,63798.01172,67119.14544,59246.82847,,CRYPTO_BTC,"1d strongest: BEARISH score=-6 | below_ema200,ema_bear_stack,momentum_negative,trend_strength_bear,volume_confirmation,rsi_short_too_cold,regime_trend | weighted_score_neutral",,2.0.0
2026-06-08T16:03:59.486774+00:00,blocked_trade,realistic_paper_mode,794fc964f91979eac245,fed50accf9ab6207,new_opportunity,crypto,ETHUSD,,WAIT,WAIT,2026-06-08 23:03:58,-3.50,35.00,decision_not_allowed,decision_not_allowed,live_candle_close,1692.3800048828125,1691.81006,1677.94794,1710.45222,,CRYPTO_ETH,"15m strongest: BULLISH score=6 | above_ema200,ema_bull_stack,momentum_positive,regime_range | weighted_score_neutral",0.0337,2.0.0
2026-06-08T16:03:59.486774+00:00,blocked_trade,realistic_paper_mode,81d91df35cea8547030b,006c2d55d46d0c39,new_opportunity,crypto,SOLUSD,,WAIT,WAIT,2026-06-08 23:03:58,-2.51,25.08,decision_not_allowed,decision_not_allowed,live_candle_close,67.19999694824219,67.18000,66.48090,68.15875,,CRYPTO_SOLUSD,"15m strongest: BULLISH score=6 | above_ema200,ema_bull_stack,momentum_positive,regime_range | weighted_score_neutral",0.0298,2.0.0
2026-06-08T16:03:59.486774+00:00,blocked_trade,realistic_paper_mode,e7d3796d9a02b95a5b14,b35cdc77f677122a,new_opportunity,crypto,BNBUSD,,WAIT,WAIT,2026-06-08 23:03:58,-3.29,32.92,no_executable_price,missing_live_or_candle_close_price,none,,604.34998,644.20910,552.12078,,CRYPTO_BNBUSD,"1d strongest: BEARISH score=-7 | below_ema200,ema_bear_stack,momentum_negative,trend_strength_bear,regime_trend | weighted_score_neutral",,2.0.0
2026-06-08T16:03:59.486774+00:00,blocked_trade,realistic_paper_mode,06c6f293c0c2460dd000,a689bcfdaf3c9d8c,new_opportunity,crypto,XRPUSD,,WAIT,WAIT,2026-06-08 23:03:58,-3.61,36.08,no_executable_price,missing_live_or_candle_close_price,none,,1.17070,1.27142,1.02915,,CRYPTO_XRPUSD,"1d strongest: BEARISH score=-8 | below_ema200,ema_bear_stack,momentum_negative,trend_strength_bear,volume_confirmation,regime_trend | weighted_score_neutral",,2.0.0
