event_id,trade_id,signal_id,event_time,event_type,market,symbol,message
49e624b9c1e3dd6580bf,7fd38bb0ce5dbc65427c,bc927713c4d148fcd6cb,2026-05-09T16:15:51.378732+00:00,PAPER_OPEN,forex,EURUSD,paper trade opened
7de338d593ce3a047b2d,9093d82d1b11d2641220,21ee3f1d5107e9afcdd0,2026-05-09T16:15:51.393136+00:00,PAPER_OPEN,forex,USDJPY,paper trade opened
d6326c6ce3c7fbf0befb,8c1c78d686f39aef9352,64dc4747de9e34090ec1,2026-05-09T16:15:51.408207+00:00,PAPER_OPEN,forex,USDCHF,paper trade opened
5543f71dd59bea98dfb9,904eae6aacdf561bde1b,7122590b014b89f8ac20,2026-05-09T16:15:51.423722+00:00,PAPER_OPEN,forex,AUDUSD,paper trade opened
676d1e69c467872261d8,7fd38bb0ce5dbc65427c,bc927713c4d148fcd6cb,2026-05-11T01:50:56.295667+00:00,PAPER_CLOSED,forex,EURUSD,TIME_EXIT
13906a7e3dc11e398c55,9093d82d1b11d2641220,21ee3f1d5107e9afcdd0,2026-05-11T01:50:58.414006+00:00,PAPER_CLOSED,forex,USDJPY,TIME_EXIT
bd2bd218641759566c36,8c1c78d686f39aef9352,64dc4747de9e34090ec1,2026-05-11T01:51:00.543366+00:00,PAPER_CLOSED,forex,USDCHF,TIME_EXIT
d8d9a2682f0c3b3a71b8,904eae6aacdf561bde1b,7122590b014b89f8ac20,2026-05-11T01:51:02.641708+00:00,PAPER_CLOSED,forex,AUDUSD,TIME_EXIT
81ebb85c8a5d840eeb8b,c4b72dd306a7b12203ad,afb03d40052331d48571,2026-05-11T02:40:34.992246+00:00,PAPER_OPEN,forex,AUDCAD,paper trade opened
1ce7dec7aa93c32363b7,f0aea9d616fd33a300d9,49ced61a8d9da36fb833,2026-05-11T02:40:35.015259+00:00,PAPER_OPEN,forex,AUDUSD,paper trade opened
4b1a1946d180ebb57dfe,76ea0498a1e7d02a09f6,8f2b4e9be7eb1b8342f8,2026-05-11T07:32:12.979933+00:00,PAPER_OPEN,forex,EURUSD,paper trade opened
7f588a459fffda60cccc,f7750fa773da76cbf22a,dc6f8b7ca6b3720be034,2026-05-11T07:32:12.999276+00:00,PAPER_OPEN,forex,USDCHF,paper trade opened
0cef5b8321718d997e9f,23d8e7a7f5fbef4761e0,09db309a18069762a359,2026-05-11T08:07:44.387516+00:00,PAPER_OPEN,forex,AUDCHF,paper trade opened
dfd13e0f5bfd94780ebf,76ea0498a1e7d02a09f6,8f2b4e9be7eb1b8342f8,2026-05-11T08:24:36.368725+00:00,PAPER_CLOSED,forex,EURUSD,TP1
04d9b8b29b5e74ba9522,d23ab324b984988cbbf4,f1e1ca70f17104f89f96,2026-05-11T08:34:45.330529+00:00,PAPER_OPEN,forex,EURUSD,paper trade opened
47aa019550f06fdfb59b,49be2060c47aee42a95d,da79552143e54f55c9f2,2026-05-11T08:34:45.358645+00:00,PAPER_OPEN,forex,GBPUSD,paper trade opened
43e53af35ded943c3992,f7750fa773da76cbf22a,dc6f8b7ca6b3720be034,2026-05-11T09:34:26.294939+00:00,PAPER_CLOSED,forex,USDCHF,SL
4491172d20a613bfb5c4,49be2060c47aee42a95d,da79552143e54f55c9f2,2026-05-11T09:34:27.383650+00:00,PAPER_CLOSED,forex,GBPUSD,SL
64cab4e070bf9e6d8991,2f849f206b9129122920,fcdcc90765c95c26a213,2026-05-11T09:51:05.822381+00:00,PAPER_OPEN,forex,USDCHF,paper trade opened
05d575cca77022d2d80f,1208da2e800288ad372a,8048f067edbbf381f0b4,2026-05-11T09:51:05.846083+00:00,PAPER_OPEN,forex,GBPUSD,paper trade opened
b0239aa28bd6b7f15f5d,d23ab324b984988cbbf4,f1e1ca70f17104f89f96,2026-05-11T12:35:08.226587+00:00,PAPER_CLOSED,forex,EURUSD,SL
5c1addaee31a8de71b0a,2f849f206b9129122920,fcdcc90765c95c26a213,2026-05-11T12:35:08.466479+00:00,PAPER_CLOSED,forex,USDCHF,SL
7ef27541a9696f581728,1208da2e800288ad372a,8048f067edbbf381f0b4,2026-05-11T12:35:08.714138+00:00,PAPER_CLOSED,forex,GBPUSD,SL
ddbbceb2ae0d3b39f3a0,0836c4e9f97c30dcaa33,aa795cc671eb1e14402e,2026-05-11T12:40:36.199413+00:00,PAPER_OPEN,forex,USDCHF,paper trade opened
c9c20ea73d8d7e0d58d9,761e6c0e1b1e45373540,db477d6b78f93565746f,2026-05-11T12:40:36.215952+00:00,PAPER_OPEN,forex,EURUSD,paper trade opened
9aa86918b5a411cd6c9f,9ce1c5d8adceab1472af,2cac504e699d7d64c6c3,2026-05-11T12:40:36.236777+00:00,PAPER_OPEN,forex,GBPUSD,paper trade opened
d0ef6d65a3a9406ee547,761e6c0e1b1e45373540,db477d6b78f93565746f,2026-05-11T13:11:40.572677+00:00,PAPER_CLOSED,forex,EURUSD,TP1
8cf6c33e808140b38400,ba50d681f83c8af91725,519cba1bcf019ca0c8fe,2026-05-11T13:18:45.854625+00:00,PAPER_OPEN,forex,EURUSD,paper trade opened
768ce3c0739e6599f0aa,d1dee81ddd5a0a1470ba,7550b76308f67b513354,2026-05-11T13:18:45.880936+00:00,PAPER_OPEN,forex,AUDJPY,paper trade opened
4ebd6f10e1366cef3a31,9ce1c5d8adceab1472af,2cac504e699d7d64c6c3,2026-05-11T13:45:44.785144+00:00,PAPER_CLOSED,forex,GBPUSD,TP1
de9fa4d31896fd3fd5bd,ba50d681f83c8af91725,519cba1bcf019ca0c8fe,2026-05-11T13:45:45.079943+00:00,PAPER_CLOSED,forex,EURUSD,TP1
04fc43e1bc5d1f40eedb,a9a5bfa2b07dd256e9e8,6489f842db9883f59dfb,2026-05-11T13:54:48.610447+00:00,PAPER_OPEN,forex,EURUSD,paper trade opened
9e7cb2493a5dec03de11,4939f6001540a3a91a9c,d4af7bbf985362a67b29,2026-05-11T13:54:48.638284+00:00,PAPER_OPEN,forex,GBPUSD,paper trade opened
45b365e9342bd327d016,a9a5bfa2b07dd256e9e8,6489f842db9883f59dfb,2026-05-11T13:54:50.384080+00:00,PAPER_CLOSED,forex,EURUSD,TP1
8e0f1e046b1597cb6012,4939f6001540a3a91a9c,d4af7bbf985362a67b29,2026-05-11T13:54:50.661731+00:00,PAPER_CLOSED,forex,GBPUSD,TP1
6a206b682ae6a5469bf9,55b3701c45c1f2bae2fb,1e52f47632711dd3dfb0,2026-05-11T14:03:28.874036+00:00,PAPER_OPEN,forex,EURUSD,paper trade opened
64e4c94cbfe06a32381e,8e9b20b892f7db89cee4,802d5016d4147fc5c034,2026-05-11T14:03:28.903740+00:00,PAPER_OPEN,forex,GBPUSD,paper trade opened
02400c6c82d0b586ea33,0836c4e9f97c30dcaa33,aa795cc671eb1e14402e,2026-05-11T14:03:30.271913+00:00,PAPER_CLOSED,forex,USDCHF,TP1
34896644e35e6921fa21,137e1aadf3db03cd2dda,43a46a959445a0be6e28,2026-05-11T14:11:48.920396+00:00,PAPER_OPEN,forex,USDCHF,paper trade opened
3244d0e517fb74117512,8e9b20b892f7db89cee4,802d5016d4147fc5c034,2026-05-11T14:20:30.756291+00:00,PAPER_CLOSED,forex,GBPUSD,TP1
d8ce6eacb8eeed6712e2,137e1aadf3db03cd2dda,43a46a959445a0be6e28,2026-05-11T14:20:31.037254+00:00,PAPER_CLOSED,forex,USDCHF,TP1
7f829a3f7437d04b3365,a7284a410c32f381ff48,c788d0ef6d8ef77cafe8,2026-05-11T14:28:19.237687+00:00,PAPER_OPEN,forex,USDCHF,paper trade opened
7adbece11100bf24dc4f,f9837c95d6d239ef1b14,35e18d755be0de7f440d,2026-05-11T14:28:19.263103+00:00,PAPER_OPEN,forex,GBPUSD,paper trade opened
9ddb32d1d87486f74990,a7284a410c32f381ff48,c788d0ef6d8ef77cafe8,2026-05-11T14:28:20.935725+00:00,PAPER_CLOSED,forex,USDCHF,TP1
bc6f872317c24ca71ff7,f9837c95d6d239ef1b14,35e18d755be0de7f440d,2026-05-11T14:28:21.166100+00:00,PAPER_CLOSED,forex,GBPUSD,TP1
16e5c1b9e287fcdb88ce,e4fcc7f7e8e554b40688,e0ba14e21b363fbaefcf,2026-05-11T14:35:59.278654+00:00,PAPER_OPEN,forex,USDCHF,paper trade opened
9138d05881d3c8236654,846b795bed4adbf4c30a,26a49f35f59ddfe302a6,2026-05-11T14:35:59.304771+00:00,PAPER_OPEN,forex,GBPUSD,paper trade opened
80d3a078eee0f347d94d,e4fcc7f7e8e554b40688,e0ba14e21b363fbaefcf,2026-05-11T14:36:01.070332+00:00,PAPER_CLOSED,forex,USDCHF,TP1
8aca63013088b282e0a3,846b795bed4adbf4c30a,26a49f35f59ddfe302a6,2026-05-11T14:36:01.283649+00:00,PAPER_CLOSED,forex,GBPUSD,TP1
bcd6a7bcf95f7b7c64b4,86779a60a5efa795ac79,6963527fadb17e70fe2c,2026-05-11T14:43:09.508112+00:00,PAPER_OPEN,forex,USDCHF,paper trade opened
8af8a3eeffe2cedd8357,d5eb4158ec9287c113c2,e34fc2d7413e3be9a3f9,2026-05-11T14:43:09.534306+00:00,PAPER_OPEN,forex,GBPUSD,paper trade opened
34d444d3053bc38e13b4,d5eb4158ec9287c113c2,e34fc2d7413e3be9a3f9,2026-05-11T15:00:02.198565+00:00,PAPER_CLOSED,forex,GBPUSD,TP1
21df92dc9ead887743ee,8da763451b4dd3f81871,f7ae5d8f16e667eaf761,2026-05-11T15:07:39.643898+00:00,PAPER_OPEN,forex,GBPUSD,paper trade opened
8321b9e25d059253fc07,8da763451b4dd3f81871,f7ae5d8f16e667eaf761,2026-05-11T15:07:43.765257+00:00,PAPER_CLOSED,forex,GBPUSD,TP1
0b045379c556e0418060,007f2bb424451b05bc10,b2bab2e1870fa8c03d1f,2026-05-11T15:16:14.671336+00:00,PAPER_OPEN,forex,GBPUSD,paper trade opened
f61898799a6d50abfb37,007f2bb424451b05bc10,b2bab2e1870fa8c03d1f,2026-05-11T15:16:16.418287+00:00,PAPER_CLOSED,forex,GBPUSD,TP1
2709976b6a384997ec67,a4d7c553c6ea255c4f11,a19e36a2348dd87cae36,2026-05-11T15:23:49.209156+00:00,PAPER_OPEN,forex,GBPUSD,paper trade opened
a5651aae4c4ed2206c35,a4d7c553c6ea255c4f11,a19e36a2348dd87cae36,2026-05-11T15:23:50.996631+00:00,PAPER_CLOSED,forex,GBPUSD,TP1
29aded614035abc3ca57,845b55b12309b6fff999,18fe1c56d0abf3a1bdd1,2026-05-11T15:31:55.196848+00:00,PAPER_OPEN,forex,GBPUSD,paper trade opened
e5a61fbf362fb73a3950,845b55b12309b6fff999,18fe1c56d0abf3a1bdd1,2026-05-11T15:31:57.431046+00:00,PAPER_CLOSED,forex,GBPUSD,TP1
06a586ffe8dbb41b4d01,71ffb72ceb1c63735ce0,bacbc9d25c42fb320cba,2026-05-11T15:40:01.574336+00:00,PAPER_OPEN,forex,GBPUSD,paper trade opened
e5f5de8857d9e3c3fa08,71ffb72ceb1c63735ce0,bacbc9d25c42fb320cba,2026-05-11T15:40:03.433017+00:00,PAPER_CLOSED,forex,GBPUSD,TP1
4cb96fda00474c78b54b,8e86a9851b3d6f256a49,e8c28b8dd8eeee2a48f1,2026-05-11T15:48:19.566137+00:00,PAPER_OPEN,forex,GBPUSD,paper trade opened
4d3a3717237e46b3d2a4,8e86a9851b3d6f256a49,e8c28b8dd8eeee2a48f1,2026-05-11T15:48:21.564527+00:00,PAPER_CLOSED,forex,GBPUSD,TP1
4e5a9a8afd27bdbc4287,9859da8c8ac639a0692a,ad5eccfb3b6e3028514e,2026-05-11T15:56:18.782568+00:00,PAPER_OPEN,forex,GBPUSD,paper trade opened
40de89a13aeaef50bfdd,9859da8c8ac639a0692a,ad5eccfb3b6e3028514e,2026-05-11T15:56:20.708879+00:00,PAPER_CLOSED,forex,GBPUSD,TP1
c791017d403f6aab8fe9,55b3701c45c1f2bae2fb,1e52f47632711dd3dfb0,2026-05-12T02:26:45.056740+00:00,PAPER_CLOSED,forex,EURUSD,SL
a19dc61b6593a39f300d,86779a60a5efa795ac79,6963527fadb17e70fe2c,2026-05-12T02:26:45.376794+00:00,PAPER_CLOSED,forex,USDCHF,SL
836bd167fff33580dec5,c4b72dd306a7b12203ad,afb03d40052331d48571,2026-05-12T02:44:07.249474+00:00,PAPER_CLOSED,forex,AUDCAD,TIME_EXIT
b9cc44e10dce353cf50d,f0aea9d616fd33a300d9,49ced61a8d9da36fb833,2026-05-12T02:44:07.465070+00:00,PAPER_CLOSED,forex,AUDUSD,TIME_EXIT
00d72f0cc5fae78b6ac7,d1dee81ddd5a0a1470ba,7550b76308f67b513354,2026-05-12T06:00:12.447217+00:00,PAPER_CLOSED,forex,AUDJPY,SL
4ad54f6d76030c098be7,23d8e7a7f5fbef4761e0,09db309a18069762a359,2026-05-12T08:11:44.845747+00:00,PAPER_CLOSED,forex,AUDCHF,TIME_EXIT
c185aa6e3add035ef944,e74426fad56a74efdf05,7df181b09c806b3c4955,2026-05-12T13:17:41.447636+00:00,PAPER_OPEN,forex,AUDCAD,Opened at 0.99059
4c4fec337b99d37c4812,e870d90c60e37af81bc8,f7e44361704ba01118f3,2026-05-12T13:17:41.478226+00:00,PAPER_OPEN,forex,AUDCHF,Opened at 0.56423
a566fdd3515b44831628,be6d101a33567dfc944f,13142335f0dec3ea32f2,2026-05-12T13:17:41.527354+00:00,PAPER_OPEN,forex,AUDJPY,Opened at 113.92900
81580fe45754e1a30ec6,4992dbdf22016f2097d3,c281a4e8ed493f90b729,2026-05-12T13:17:41.863804+00:00,PAPER_OPEN,forex,GBPAUD,Opened at 1.87189
542c9fe0f83786c54ed0,cdcf8f4dab2a3b8744ff,57a53bd69ece17418954,2026-05-12T13:17:42.016910+00:00,PAPER_OPEN,forex,NZDCHF,Opened at 0.46477
e6837f36d504189ca6aa,c4f56ec69ccd47111c1b,efdf9cbd2b7e4564c60a,2026-05-12T13:23:20.617223+00:00,PAPER_OPEN,forex,NZDJPY,Opened at 93.75000
6fff29fa32599aec2839,815bce99abfe5bf18ee6,e16e1241dde47746ed82,2026-05-12T13:35:53.421207+00:00,PAPER_OPEN,forex,EURCAD,Opened at 1.60978
747d094724f651f29307,be6d101a33567dfc944f,13142335f0dec3ea32f2,2026-05-13T02:18:21.182149+00:00,PAPER_CLOSED,forex,AUDJPY,TP1
ed735f9409b0177a3f3a,4992dbdf22016f2097d3,c281a4e8ed493f90b729,2026-05-13T02:18:22.406863+00:00,PAPER_CLOSED,forex,GBPAUD,TP1
de63a66f487af5ffc4a1,cdcf8f4dab2a3b8744ff,57a53bd69ece17418954,2026-05-13T02:18:23.623225+00:00,PAPER_CLOSED,forex,NZDCHF,SL
86419ba10f373791e9f6,0a5c5fc5e3f316ab6683,e4d4c5d96a272355a727,2026-05-13T02:24:59.477650+00:00,PAPER_OPEN,forex,NZDCHF,Opened at 0.46521
6a155521cca67ba91f67,0a5c5fc5e3f316ab6683,e4d4c5d96a272355a727,2026-05-13T03:17:41.082460+00:00,PAPER_CLOSED,forex,NZDCHF,SL
1f408962bf6967db3e95,227bd631eedb2723115f,09081e6cc70306295f22,2026-05-13T06:41:33.519984+00:00,PAPER_OPEN,forex,GBPAUD,Opened at 1.87014
7a4c82db522e374cc339,202c695aaa2ff0675ce1,f1f2c1c81bfedc4ecdb9,2026-05-13T07:05:14.939584+00:00,PAPER_OPEN,forex,AUDCHF,Opened at 0.56517
9c10bfed1c84d4590107,227bd631eedb2723115f,09081e6cc70306295f22,2026-05-13T08:48:56.354264+00:00,PAPER_CLOSED,forex,GBPAUD,TP1
4b89516fd473d5ecac1c,0cb1163c33ecd0c2f8ae,ab0b183541cd4db640c2,2026-05-13T09:27:35.998940+00:00,PAPER_OPEN,forex,GBPAUD,Opened at 1.86722
c99b0356648eaf8ec50e,f0556897b991383e2726,32a164d3ac3e7c919478,2026-05-13T09:36:41.319588+00:00,PAPER_OPEN,forex,GBPAUD,Opened at 1.86693
6468162ba1696805a4a7,7f3960dee3740257d230,0288af1c201aeece1612,2026-05-13T09:45:12.964852+00:00,PAPER_OPEN,forex,GBPAUD,Opened at 1.86614
cc1acaeccbed9686ba5d,734cad48fcfeb522051a,f681edc88294a0fe71c8,2026-05-13T09:55:13.132240+00:00,PAPER_OPEN,forex,GBPAUD,Opened at 1.86575
e26c6ccdf088ec809a27,b6b2f71a9bfa2a18d6a7,588949706a4ffe3ffdca,2026-05-13T10:02:15.265109+00:00,PAPER_OPEN,forex,GBPAUD,Opened at 1.86589
ee8553ef1a879fd30e51,57a45ae18188a3881a28,5c31b399214e359ae5b9,2026-05-13T10:07:07.156032+00:00,PAPER_OPEN,forex,GBPAUD,Opened at 1.86591
6adf0d419b40e873700f,202c695aaa2ff0675ce1,f1f2c1c81bfedc4ecdb9,2026-05-13T10:07:09.128264+00:00,PAPER_CLOSED,forex,AUDCHF,TP1
279661f3059a395110e0,e18186d5866b8e89ba79,40d14682665243b5f18b,2026-05-13T10:12:07.172004+00:00,PAPER_OPEN,forex,GBPAUD,Opened at 1.86516
c72eabda42f8127cf2b0,516be7cdf8bda5e3c32a,d69bdbe6443e334051ab,2026-05-13T10:20:34.282020+00:00,PAPER_OPEN,forex,GBPAUD,Opened at 1.86448
6efbf18320ad4f77e334,9d05eb624545ed58ead7,363c483d01b01b5a12ed,2026-05-13T10:28:49.278495+00:00,PAPER_OPEN,forex,GBPAUD,Opened at 1.86484
68b68f55664bc1d86972,7ee5f7b2ee3c2b5ffec4,e612ef85b61dfd24f54a,2026-05-13T14:33:30.203071+00:00,PAPER_OPEN,forex,AUDCAD,Opened at 0.99365
a7ab85d18532f579f7fb,6f934b3cd84ead6af9b2,d0454cba54882f422e9c,2026-05-13T14:33:30.476570+00:00,PAPER_OPEN,forex,AUDNZD,Opened at 1.22315
f11d10ebf36dc2d8315f,7e2a28be760ce7e66b91,dc45d62e29c288e4094c,2026-05-13T14:42:26.554948+00:00,PAPER_OPEN,forex,GBPAUD,Opened at 1.86173
d6eb3ba0f524dffd65a9,6f934b3cd84ead6af9b2,d0454cba54882f422e9c,2026-05-14T01:42:10.250873+00:00,PAPER_CLOSED,forex,AUDNZD,SL
81d65d2b822716c26622,a955270824ffc6e1b8f9,22c5851867bb73f29ccc,2026-05-14T03:03:55.049511+00:00,PAPER_OPEN,forex,AUDCHF,Opened at 0.56687
e43ac45488a040d89e5c,de2001facc53dd34ec1d,6ea3cf0db3284d85d1d5,2026-05-14T03:03:55.161802+00:00,PAPER_OPEN,forex,AUDJPY,Opened at 114.52600
5bd3cb4ee51494934035,cee8c088c8a3a8b9e006,a4b2bcde58d06ac952ac,2026-05-14T03:03:55.620689+00:00,PAPER_OPEN,forex,EURAUD,Opened at 1.61493
90fb601ad638b93cf198,5512a2b9dddfe228ed51,47d3ba180137b10296de,2026-05-14T03:33:55.009337+00:00,PAPER_OPEN,forex,AUDCAD,Opened at 0.99401
18bcb74c52ef5b1cd0da,cee8c088c8a3a8b9e006,a4b2bcde58d06ac952ac,2026-05-14T05:49:16.052477+00:00,BREAKEVEN_ACTIVATED,forex,EURAUD,MFE reached 82.2% of TP1
5105a2e309378bd0135f,cee8c088c8a3a8b9e006,a4b2bcde58d06ac952ac,2026-05-14T05:49:16.066263+00:00,PAPER_CLOSED,forex,EURAUD,SL
777ff86e9edd48ed502e,5512a2b9dddfe228ed51,47d3ba180137b10296de,2026-05-14T09:40:06.677338+00:00,PAPER_CLOSED,forex,AUDCAD,SL
a88352b329fe98d8404a,a955270824ffc6e1b8f9,22c5851867bb73f29ccc,2026-05-14T12:05:23.595262+00:00,PAPER_CLOSED,forex,AUDCHF,SL
e76196fe399abe26667f,63651af1ce5d01dbe8b3,4755b4e757a2f981bbd9,2026-05-20T01:42:03.078068+00:00,PAPER_OPEN,forex,EURJPY,Opened at 184.46201
23bc1e2b1da15511a02f,47895b8196569171a0ba,468f0cf31f6b82f94ff0,2026-05-20T02:06:47.740807+00:00,PAPER_OPEN,forex,EURUSD,Opened at 1.16023
fc104e8d53b6a62578c3,493c1236f4a0020eda7d,efca2c857c13218377bf,2026-05-20T10:12:07.434418+00:00,PAPER_OPEN,forex,EURUSD,Opened at 1.15942
7d223a8d31ea49ee02de,63651af1ce5d01dbe8b3,4755b4e757a2f981bbd9,2026-05-20T12:17:17.923118+00:00,PARTIAL_CLOSE,forex,EURJPY,Reduced size by 50% at 50% of TP path
23fcbd7996f5afb29e9e,63651af1ce5d01dbe8b3,4755b4e757a2f981bbd9,2026-05-20T12:17:17.943079+00:00,TRAILING_STOP,forex,EURJPY,Trail SL -> 184.392004
5872b0075b232cd4cd9d,63651af1ce5d01dbe8b3,4755b4e757a2f981bbd9,2026-05-20T12:17:17.962042+00:00,PAPER_CLOSED,forex,EURJPY,SL
